scorer,,,Yuu,Yuu,Yuu,Yuu,Yuu,Yuu,Yuu,Yuu,Yuu,Yuu,Yuu,Yuu,Yuu,Yuu,Yuu,Yuu,Yuu,Yuu,Yuu,Yuu,Yuu,Yuu,Yuu,Yuu,Yuu,Yuu,Yuu,Yuu,Yuu,Yuu,Yuu,Yuu,Yuu,Yuu,Yuu,Yuu
individuals,,,mouse1,mouse1,mouse1,mouse1,mouse1,mouse1,mouse1,mouse1,mouse1,mouse1,mouse1,mouse1,mouse2,mouse2,mouse2,mouse2,mouse2,mouse2,mouse2,mouse2,mouse2,mouse2,mouse2,mouse2,mouse3,mouse3,mouse3,mouse3,mouse3,mouse3,mouse3,mouse3,mouse3,mouse3,mouse3,mouse3
bodyparts,,,nose,nose,left_ear,left_ear,right_ear,right_ear,body_center,body_center,tail_base,tail_base,tail_tip,tail_tip,nose,nose,left_ear,left_ear,right_ear,right_ear,body_center,body_center,tail_base,tail_base,tail_tip,tail_tip,nose,nose,left_ear,left_ear,right_ear,right_ear,body_center,body_center,tail_base,tail_base,tail_tip,tail_tip
coords,,,x,y,x,y,x,y,x,y,x,y,x,y,x,y,x,y,x,y,x,y,x,y,x,y,x,y,x,y,x,y,x,y,x,y,x,y
labeled-data,8WK_F_WT_00,8WK_F_WT_00_round3_candidate280_02_frame_002407.png,,,117.26119480719896,471.3763346186023,156.0218234835915,454.59560665196346,178.0382712711495,527.1636047610848,234.3388775610208,594.3404645387719,451.8639473173418,590.5017868371888,,,240.096894113394,460.62652460032757,196.59188016212983,446.55137302785994,272.7256545768422,479.8199131082381,,,,,1053.709342898899,397.28818923934045,1080.5253078057694,375.99315828388455,1004.8096421863706,398.86559893974464,1073.4269641539506,498.24241006520543,,,928.3052717167699,520.3261458708635
labeled-data,8WK_F_WT_00,8WK_F_WT_00_round3_candidate280_03_frame_018305.png,397.39638270050875,482.4665795435591,341.0957764106374,456.2356152494147,311.0261344149107,485.6654776282112,265.6017816128554,515.7351196239381,197.7851422182377,547.0843208535259,,,411.47153427297656,470.3107668218822,414.67043235762833,397.3758904918217,359.00960568468736,419.12839746745396,,,,,,,442.820735502564,580.9926405508336,456.2561074581015,477.9881222250463,410.8317546560462,485.0256980112804,,,,,,
labeled-data,8WK_F_WT_00,8WK_F_WT_00_round3_candidate280_04_frame_023263.png,409.4722705610975,620.7600552635564,432.50433677059027,556.1423139535905,450.4181660446402,513.2770796192567,545.1055493503329,568.9379062921976,,,,,,,,,,,,,466.4126564678991,511.3577407684654,355.73078273894754,606.0451240741581,539.3475327979597,483.8472172404601,521.4337035239097,384.0415969993246,493.9231799959044,385.9609358501157,566.2182767090346,284.87575637511947,,,,
labeled-data,8WK_F_WT_00,8WK_F_WT_00_round3_candidate_01_frame_001641.png,80.05076623056753,566.9640356413265,131.58247095811421,502.79247881079664,,,239.50736199127806,539.739738804132,335.7646972370728,580.5761840599238,567.171220353226,541.6843314353601,375.62884617725047,513.4877382825516,372.7119572304082,451.26077408324994,,,,,510.7780340476088,486.26344144535716,649.8164071804234,537.7951461729039,,,,,,,,,,,,
labeled-data,8WK_F_WT_00,8WK_F_WT_00_round3_candidate_02_frame_007301.png,438.80455302066724,418.7029171314436,397.00319595995757,361.91616791689455,374.9194601542996,409.23845892901875,365.45500195187475,459.7155693419512,337.8503321948023,510.1926797548837,214.0236707130774,551.2053319653913,,,552.3780514497653,304.3407138521435,589.4471794092625,321.692220556589,522.4072671420865,361.1274630666925,467.19792762794174,409.23845892901875,377.2855747049058,574.0777726212514,,,,,,,,,,,,
labeled-data,8WK_F_WT_00,8WK_F_WT_00_round3_candidate_03_frame_016056.png,589.9608316265399,619.4542663320022,587.5947170759337,529.5419134089664,511.87905145653485,527.9645037085622,574.1867346224984,437.2634459353241,,,,,817.8043088947556,557.4874951141021,863.8684413137412,474.3161449131559,,,953.1516888794283,525.3829683690976,991.7982265393298,598.7325194378901,763.0738199807295,631.0694182961751,,,,,,,,,,,,
labeled-data,8WK_F_WT_00,8WK_F_WT_00_round3_candidate_04_frame_018032.png,,,530.6716541657595,420.3256022572181,588.2518196894915,404.33111183395926,599.1280731773076,489.4218008856966,608.0849878143325,575.7920491712946,438.5434088523127,642.968908948982,,,,,,,,,718.1638497268947,498.19880859448574,803.7259255009344,605.1514033120354,,,,,1156.839940199089,234.2464507749662,1176.7066615966519,386.7527532680245,1114.1849207278503,489.0079369319525,984.5765409378721,504.9462602966066
labeled-data,8WK_F_WT_00,8WK_F_WT_00_selected_00_frame_000670.png,,,,,,,,,308.4445060374247,542.9160897950048,552.5991332194844,558.6202171754268,,,,,,,,,397.6608943657999,463.09781769417725,553.2581777582236,519.0867965418192,,,,,,,921.7437727982394,471.5612679850999,,,,
labeled-data,8WK_F_WT_00,8WK_F_WT_00_selected_01_frame_001290.png,,,255.65798970509405,464.4994178814526,,,313.53518146962455,469.27279452182626,374.9924057144353,493.1396777236945,,,610.0812052528374,343.3749856319714,575.4742246101284,318.91143035005643,528.9338023664855,335.6182485913642,495.5201658838699,367.8385409138863,453.75312028060046,375.59527795449344,330.2419997109323,441.8258788396778,,,994.829658416372,435.24641097879635,940.2297777072033,423.47919530871684,,,,,,
labeled-data,8WK_F_WT_00,8WK_F_WT_00_selected_02_frame_002370.png,,,,,,,,,164.29022154916518,599.5710195360487,365.40641969163926,606.462851871149,203.76162492292178,518.7486221516899,239.47384702298726,462.36090304632336,196.86979258782142,452.3364196498137,270.8003576370798,480.530279202497,311.5986098426982,513.2529193233677,,,1249.8379627966538,202.49839032632096,,,1183.9984640737243,236.43105505275372,1179.9468026138518,390.9006482103954,1090.136554886271,487.3700197839046,869.238364698745,515.9477606216604
labeled-data,8WK_F_WT_00,8WK_F_WT_00_selected_03_frame_003920.png,939.5142751050072,648.10192684295,935.1964239995414,536.7013683219323,879.9279298495791,565.1991856180066,836.749418794921,529.7928065531871,,,,,980.1020754963857,616.1498286625031,1027.5984376565095,490.9321466039948,983.5563563807584,476.25145284541105,1082.0033615853786,515.9756830156964,,,,,,,,,,,,,,,,
labeled-data,8WK_F_WT_00,8WK_F_WT_00_selected_04_frame_006970.png,412.8554192094584,478.8183580262531,,,364.72345194422223,421.62625574638435,326.2178781320334,473.1557736421077,279.2184277436263,509.3963137006384,185.2195183263942,535.4442018677073,,,,,,,,,,,,,,,,,,,,,,,,
labeled-data,8WK_F_WT_00,8WK_F_WT_00_selected_06_frame_009690.png,,,576.4389946564711,188.33718903787585,533.6583942007223,218.09760674622282,568.3788815271272,286.2985639945179,582.6390816790434,351.39947773152693,520.6382114533205,508.8816881048629,,,,,,,1044.9757163383201,436.3593415677057,1106.985542006629,546.1112454054207,,,892.816635333891,564.9409031868256,952.2715697754724,497.4000976611892,896.6217511381521,478.3745186398831,985.5663330627581,469.33736860476273,,,,
labeled-data,8WK_F_WT_00,8WK_F_WT_00_selected_08_frame_013680.png,647.3333286250311,375.907097850911,,,544.4698558584331,409.7608990146015,522.9857128122449,511.9733371434363,442.2574177295983,603.1181864302954,265.82703089574954,583.5871472973971,631.0574626809491,351.1677816159064,540.5636480318533,342.70433132498374,537.308474843037,364.83950900893524,,,,,,,,,,,,,,,,,,
labeled-data,8WK_F_WT_00,8WK_F_WT_00_selected_09_frame_017280.png,,,,,,,446.23154343343776,460.9266804287739,380.15433479697947,509.211198956873,487.2370422125314,571.3882548755805,,,,,541.3315476460482,263.5038972624999,571.2440329918718,392.19714816895043,598.3739615613397,523.6729558517567,418.0326473935663,631.7115502281006,,,,,,,,,,,,
labeled-data,8WK_F_WT_00,8WK_F_WT_00_selected_11_frame_018630.png,,,,,,,,,317.09219655137196,538.8802527415576,182.2637821242021,538.8802527415576,346.75444772534934,592.1374764402897,346.0803056532135,524.7232692267047,345.40616358107764,491.0161656199123,437.0894853915531,520.0042747217537,531.469375490572,560.4527990499048,756.6328224406498,560.4527990499047,,,,,,,,,,,,
labeled-data,8WK_F_WT_00,8WK_F_WT_00_selected_12_frame_020250.png,626.7574573960181,414.92142677685115,553.9986082991986,395.9674408776797,528.3190145003213,447.9380473754079,561.3356350988779,524.9768287720402,514.7263361139934,581.0393716466862,392.69001674349704,538.009224354199,,,,,,,,,,,,,,,,,,,,,,,,
labeled-data,8WK_F_WT_00,8WK_F_WT_00_selected_13_frame_020840.png,,,,,552.0385974103391,149.29967253387747,564.4297684299811,265.6390004405168,572.6905491097425,373.71754766739474,563.741370040001,568.5342920317671,,,,,,,,,627.0740219181715,327.5948565234889,812.365334138767,555.0011980693783,,,,,,,,,,,,
labeled-data,8WK_F_WT_00,8WK_F_WT_00_selected_14_frame_021460.png,,,220.3054138235119,428.8730463084341,,,290.6646907906636,407.9149638075805,383.47905615158714,440.8490934517793,411.92216811703145,660.908959710743,,,,,508.8345072215825,266.9996525139718,,,620.4856035295517,329.7457231663842,,,,,,,,,,,,,,
labeled-data,8WK_F_WT_00,8WK_F_WT_00_selected_15_frame_021800.png,246.64982098233133,487.65956367542816,210.1918812675877,427.7643770012064,143.78634821573326,456.4099010627907,182.84842648153,542.3464732475436,130.11462144357944,584.0126900643934,,,,,555.8912739198889,193.39190243942573,534.4071308737007,250.03191592483103,,,,,,,,,,,,,,,,,,
labeled-data,8WK_F_WT_00,8WK_F_WT_00_selected_16_frame_023910.png,638.8469114189828,621.5673582994409,659.0631282865398,518.702490120401,572.8469092925468,532.3781662366895,,,,,,,,,,,,,,,,,,,,,,,,,,,,,,
labeled-data,8WK_F_WT_03,8WK_F_WT_03_round3_candidate280_07_frame_027722.png,631.4466400190262,216.55448192369957,,,536.0849515942718,292.08849255716837,583.2937082401899,431.8264122290857,514.3689235371495,558.345880040146,,,,,,,,,,,,,,,,,,,,,,,,,,
labeled-data,8WK_F_WT_03,8WK_F_WT_03_round3_candidate280_08_frame_029929.png,624.9469430718743,217.96941918191146,,,554.1338081029972,285.00585361911504,599.4542144830785,418.1345473606038,521.0876784508547,544.654015171664,281.2671946895912,641.9040538622551,,,,,,,,,,,,,,,,,,,,,,,,
labeled-data,8WK_F_WT_03,8WK_F_WT_03_selected_01_frame_027000.png,499.6982885544763,442.24883847097334,,,409.5895614678562,357.9535776480061,363.0818313586329,506.1969673711554,,,,,,,,,,,,,,,,,,,,,,,,,,,,
labeled-data,8WK_F_WT_03,8WK_F_WT_03_selected_03_frame_029840.png,635.4926441652317,315.04537855867824,,,543.0602665289841,375.29148183944665,554.6143137335151,488.74777619724534,489.4164759365192,609.6735822742169,260.48545683931854,632.630450669075,,,,,,,,,,,,,,,,,,,,,,,,
labeled-data,8WK_F_WT_03,8WK_F_WT_03_selected_05_frame_034810.png,627.7794684706294,428.52047382270575,,,516.3668027862628,434.1855246202159,517.3109779191813,538.0447892412354,485.209023399957,633.4064776659899,,,,,,,,,,,,,,,,,,,,,,,,,,
labeled-data,8WK_F_WT_03,8WK_F_WT_03_selected_06_frame_035890.png,,,,,552.5467472843732,388.4657760143108,546.4640854933447,505.86114858115957,488.7140874365634,632.6116395170667,286.33953380206697,627.142056704448,,,,,,,,,,,,,,,,,,,,,,,,
labeled-data,8WK_F_WT_03,8WK_F_WT_03_selected_09_frame_039040.png,,,,,,,,,213.86388502383642,609.1889326423211,,,,,,,,,,,,,,,,,,,,,,,,,,
labeled-data,8WK_F_WT_03,8WK_F_WT_03_selected_11_frame_039990.png,182.52265446768772,448.5541210008749,276.9800898351804,453.00966040500185,,,323.3176996381014,550.1404194149708,,,,,,,981.7061967626403,447.37600069366863,944.1074769203587,468.5680064229547,909.243209430243,465.83355407078875,,,,,,,,,,,,,,,,
labeled-data,8WK_F_WT_03,8WK_F_WT_03_selected_12_frame_040220.png,,,,,,,305.4667511573456,498.56180306974466,207.67363052466706,564.8910501075613,374.3471230812322,595.5045487403999,629.4596116882196,322.5341859309233,548.673990296007,308.9281865385507,515.5093667770986,332.73868547520283,491.6988678404465,404.1701822851593,,,,,,,,,,,,,,,,
labeled-data,8WK_F_WT_03,8WK_F_WT_03_selected_14_frame_041250.png,640.0392258288869,628.0536521011509,687.4422768715837,525.9547729322654,611.7797146303561,525.9547729322654,711.4681398859799,501.1627168563722,,,825.6150895633245,532.5952802104742,,,,,,,,,,,,,,,,,,,,,,,,
labeled-data,8WK_F_WT_03,8WK_F_WT_03_selected_15_frame_041520.png,637.6145093527997,366.9899101036953,545.2539428442308,411.54894601375133,537.2929485541672,439.89075281357714,598.1779467223344,532.6743951126555,,,726.4053326602198,532.1165928780355,,,,,,,,,,,,,,,,,,,,,,,,
labeled-data,8WK_F_WT_03,8WK_F_WT_03_selected_16_frame_042050.png,,,,,518.3793493195658,226.18949366898124,565.9758968932982,352.4238154949671,624.6093250638381,467.62125672414544,626.7048722406253,629.6021691302403,,,,,,,,,,,,,,,,,,,,,,,,
labeled-data,8WK_F_WT_03,8WK_F_WT_03_selected_19_frame_044060.png,429.2551892420055,671.1883762948046,459.22536652769304,562.6297341266473,403.94703953409146,567.291761704421,528.102058421052,535.0140202857277,597.088182041856,575.9498129202864,710.308851787787,528.6635332028682,,,,,,,,,,,,,,,,,,,,,,,,
labeled-data,8WK_F_WT_04,8WK_F_WT_04_round3_candidate280_08_frame_020678.png,,,216.90791438227112,271.96358305547005,126.99556145923518,253.0346666506204,134.8826099612559,445.47865009992546,,,,,,,,,,,,,,,,,,,,,,,,,,,,
labeled-data,8WK_F_WT_04,8WK_F_WT_04_selected_02_frame_003850.png,,,,,,,,,258.65873371755674,546.3375602123576,166.3743978599535,615.965262715699,,,,,,,,,,,,,,,,,,,,,,,,
labeled-data,8WK_F_WT_04,8WK_F_WT_04_selected_06_frame_007590.png,,,155.7561121562052,399.1443023586246,111.92169075080028,405.54708301334665,212.44031785198302,467.0696214823606,,,287.7183757591289,529.4396767968831,,,,,,,,,,,,,,,,,,,,,,,,
labeled-data,8WK_F_WT_04,8WK_F_WT_04_selected_07_frame_009320.png,300.4967128887495,426.3216003580385,316.46952818771064,367.986101005311,233.13310054095712,364.513749853363,,,,,,,,,,,,,,,,,,,,,,,,,,,,,,
labeled-data,8WK_F_WT_04,8WK_F_WT_04_selected_08_frame_010130.png,,,,,,,538.2122268128533,286.6337501966632,613.0872268531807,355.1939911974449,773.6625281444852,436.383750277318,,,,,,,,,,,,,,,,,,,,,,,,
labeled-data,8WK_F_WT_04,8WK_F_WT_04_selected_11_frame_011180.png,,,346.5199900414762,552.5816660507882,346.5199900414762,508.31771272473236,437.73056053153056,539.1683468610743,528.2704650620992,561.3003235241022,615.9637018867317,535.7319515187951,,,,,,,,,,,,,,,,,,,,,,,,
labeled-data,8WK_F_WT_06,8WK_F_WT_06_selected_14_frame_044800.png,478.92475920974323,479.7835762363938,547.1733944646306,475.02204354419234,522.836671815601,444.3366106388941,660.9211198894429,513.1143050818039,756.6808329214942,484.0160497405728,890.0037483031347,527.3989031584083,,,,,,,,,,,,,,,,,,,,,,,,
labeled-data,8WK_F_WT_06,8WK_F_WT_06_selected_15_frame_044840.png,,,450.7469394544793,512.8478303190412,,,565.4203408310455,512.1570266962908,678.7121349621107,499.72256148678366,832.5888570546887,533.520806263215,,,,,,,,,,,,,,,,,,,,,,,,
labeled-data,8WK_F_WT_06,8WK_F_WT_06_selected_16_frame_044890.png,219.0516109067815,634.7206030357503,243.28439559208252,539.2581179118373,178.66363643127983,539.9924447204827,,,432.00638541397217,537.7894642945463,570.7941522479689,553.2103272761015,,,,,,,,,,,,,,,,,,,,,,,,
labeled-data,8WK_F_WT_06,8WK_F_WT_06_selected_17_frame_044910.png,204.3650747338718,449.67024725708814,,,155.89950536326978,445.2642864052152,,,,,478.2689743586377,559.0849417452654,,,,,,,,,,,,,,,,,,,,,,,,
labeled-data,8WK_F_WT_06,8WK_F_WT_06_selected_18_frame_044950.png,35.22349445633729,403.0903176287875,131.1104744943544,389.72901713168676,,,177.4820468078217,517.0543512805291,428.2029208416534,523.3420221026942,,,,,,,,,,,,,,,,,,,,,,,,,,
labeled-data,8WK_F_WT_11,8WK_F_WT_11_selected_06_frame_024660.png,634.9672977072823,570.7899868981538,705.6090853109818,535.4334526000872,655.6163991965686,508.38822896442116,803.1358008456564,519.8619602037946,874.4368449760486,475.6061397090683,,,,,,,,,,,,,,,,,,,,,,,,,,
labeled-data,8WK_F_WT_11,8WK_F_WT_11_selected_07_frame_024700.png,182.27151090053465,565.590971273803,229.76275647789947,517.3576749842919,237.92531431150906,491.38590005917047,356.6534282549211,519.5838271207308,,,,,,,,,,,,,,,,,,,,,,,,,,,,
labeled-data,8WK_F_WT_11,8WK_F_WT_11_selected_09_frame_024820.png,244.74989526698295,593.3994199783504,210.35912451015747,511.82131260169456,143.1771537293821,539.8138004270174,,,227.1546172053513,523.8180930982616,377.51426609565806,487.8277516085609,,,,,,,,,,,,,,,,,,,,,,,,
labeled-data,8WK_F_WT_11,8WK_F_WT_11_selected_10_frame_024850.png,598.2550272324913,387.85458080383626,,,532.6726271845915,367.06016127645324,406.30653928741896,458.23569305036233,283.93937822243527,503.02367357087894,28.807846328776446,485.4283955092466,,,,,,,,,,,,,,,,,,,,,,,,
labeled-data,8WK_F_WT_11,8WK_F_WT_11_selected_11_frame_025020.png,,,,,930.3508515064577,489.09252434346104,852.0514553736361,528.6081074385298,772.2885191261826,593.7356425396617,,,,,,,,,,,,,,,,,,,,,,,,,,
labeled-data,8WK_F_WT_11,8WK_F_WT_11_selected_18_frame_043970.png,,,,,,,1010.1137877539115,418.84259884111657,,,,,,,,,,,,,,,,,,,,,,,,,,,,
labeled-data,8WK_F_WT_11,8WK_F_WT_11_selected_19_frame_044300.png,930.5322247068319,431.2044989891672,1008.8129511614858,398.27689182967,,,1034.9065266463704,472.208689036843,,,,,,,,,,,,,,,,,,,,,,,,,,,,
labeled-data,8WK_F_WT_12,8WK_F_WT_12_selected_02_frame_004750.png,,,,,519.1222037926066,254.87305527665825,529.0435732555209,343.3385996543108,472.8224796323399,430.9773632433872,378.0774909139283,530.1910578725302,,,1114.760805122583,354.9547283182057,,,1014.9724611490794,452.78643809615033,,,,,,,,,,,,,,,,
labeled-data,8WK_F_WT_12,8WK_F_WT_12_selected_03_frame_005430.png,,,,,,,373.02894427285526,526.9501670311927,270.80966170731153,557.1513186982852,143.03555850038185,531.5964980568992,,,1041.1927076425718,369.2845902300579,,,1006.3792491378854,458.91072808254825,,,,,,,,,,,,,,,,
labeled-data,8WK_F_WT_12,8WK_F_WT_12_selected_04_frame_005910.png,,,,,,,571.7959383377216,252.92633075092147,620.8930452494764,338.8462678464922,710.5896828767205,517.2953679680622,924.7676973372883,434.38644492178963,1010.54777855374,397.62355297188174,,,1022.0361822880864,487.2331020997823,,,,,,,,,,,,,,,,
labeled-data,8WK_F_WT_12,8WK_F_WT_12_selected_06_frame_009470.png,622.2185881024122,116.60135871365873,517.2312697597583,161.36339366595297,539.2053596454301,188.22061463732953,550.5993321787414,300.53262960854056,599.4306430357897,414.4723549416532,527.222867647202,463.1293422572045,907.2489900719308,471.46913475580243,964.2054641631975,436.83344105165384,,,1027.8781716002213,485.4023584747512,1075.7363777017074,545.7168099999117,1188.9625826933343,595.5714102950461,,,,,,,,,,,,
labeled-data,8WK_F_WT_12,8WK_F_WT_12_selected_07_frame_009750.png,,,543.2550291803404,197.7407955375403,,,448.610447156092,194.58597613673203,341.3465875286105,163.0377821286492,,,626.0690384515576,161.46037242824508,,,,,,,612.6610559981225,345.22860252532735,710.4604574231792,521.898488970591,,,995.7094475407159,400.2894765045479,,,1017.8686568407809,469.2995854676071,1055.222752518033,550.3389794792729,1191.9767299127193,595.9236386108349
labeled-data,8WK_F_WT_12,8WK_F_WT_12_selected_09_frame_011930.png,,,,,504.40992013837194,457.63861627797587,439.62598156549643,517.9158460805644,366.95529834668616,582.69978465344,211.47384577178477,562.4195951871484,898.1836333256575,523.5492320434231,943.2507210285274,455.3852618928323,,,1019.8647701234064,485.2422074959836,1046.9050227451282,556.7862092242897,1196.753089357171,600.1632811383021,,,,,,,,,,,,
labeled-data,8WK_F_WT_12,8WK_F_WT_12_selected_17_frame_027620.png,,,,,,,,,213.16386156064237,515.099153099135,326.95825801038905,579.3197530757249,,,,,,,,,,,,,,,,,,,,,,,,
labeled-data,8WK_F_WT_12,8WK_F_WT_12_selected_18_frame_027900.png,,,,,565.8138271335323,455.38526189283226,509.47996750494485,471.72208118512265,451.45609208749977,518.4791846768503,187.25029042942464,551.152823261431,,,,,,,,,,,,,,,,,,,,,,,,
labeled-data,8WK_F_WT_14,8WK_F_WT_14_selected_01_frame_037230.png,632.9875861126391,294.64616915354884,,,540.6945254878377,367.44876977062825,565.3442249093684,499.29599923463024,529.791168088242,624.8375024392797,,,,,,,,,,,,,,,,,,,,,,,,,,
labeled-data,8WK_F_WT_14,8WK_F_WT_14_selected_02_frame_038410.png,609.9523694089603,406.1002962591018,547.9647026742261,390.47738838286796,504.11976766673115,431.29853476915633,552.1114802271663,533.4324700894999,,,,,,,,,,,,,,,,,,,,,,,,,,,,
labeled-data,8WK_F_WT_14,8WK_F_WT_14_selected_03_frame_039500.png,517.194679772718,362.1006968157348,,,426.12162195736846,373.4848290426535,397.22344015057485,505.7159033707091,349.0598038059188,579.2749116061839,,,,,,,542.5900516635367,341.0838373198849,564.4826136383803,478.569126521903,,,,,,,,,,,,,,,,
labeled-data,8WK_F_WT_14,8WK_F_WT_14_selected_04_frame_039580.png,,,,,549.5956714954866,326.19689517699123,525.0760020836617,464.5578868580031,416.48889468843726,573.1449942532277,,,716.854844983292,576.6478041692026,678.3239359075671,489.9532587488217,632.7874069998925,496.08317610177795,574.1153409073115,552.1281347573777,,,,,,,,,,,,,,,,
labeled-data,8WK_F_WT_14,8WK_F_WT_14_selected_05_frame_039800.png,648.0345083640054,297.02153303288407,,,540.0435132611509,330.72085065363297,529.3210031090944,456.32739814915163,447.37038980409136,593.4223493790166,343.9747561949754,599.5494980373346,,,,,,,,,,,,,,,,,,,,,,,,
labeled-data,8WK_F_WT_14,8WK_F_WT_14_selected_06_frame_040720.png,588.6093317717313,444.8853714233936,548.4410451209122,406.7769969085141,484.5837689067897,443.85541535542393,516.512407013851,533.4615932687893,480.46394463491083,603.4986058907302,298.1617206042708,623.0677711821548,,,,,,,1046.4624564502637,434.90879542381623,1098.7806125865811,527.3372704128462,919.3873373320928,614.2013826413354,,,,,,,,,,,,
labeled-data,8WK_F_WT_14,8WK_F_WT_14_selected_07_frame_040870.png,,,,,541.5433726109902,345.92429871446393,563.7542864973929,466.1695911339544,501.71690633192327,585.6489899711552,309.47761717719646,620.8800947564836,,,620.0948656802377,438.586911527899,,,,,659.1554383770149,515.1762697568738,,,,,,,,,,,,,,
labeled-data,8WK_F_WT_14,8WK_F_WT_14_selected_09_frame_041190.png,577.6181508232864,385.7446637485659,484.7936880499494,380.4904488746035,463.7768285540995,410.26433316039083,501.4320351508306,524.1056554295778,478.6637706969932,614.3030107659337,433.1272417893184,553.0038372363714,629.2845970839176,300.8015232861726,,,543.4657541425304,357.7221844207661,,,,,410.35897733548103,535.4897876564966,,,,,,,,,,,,
labeled-data,8WK_F_WT_14,8WK_F_WT_14_selected_10_frame_041370.png,650.2863981091127,294.46388608462024,,,536.5929620678297,331.7404224915982,549.0184742034891,460.34447309567236,497.4525988405029,596.4038309811422,,,,,,,,,,,,,,,,,,,,,,,,,,
labeled-data,8WK_F_WT_14,8WK_F_WT_14_selected_13_frame_042310.png,,,,,536.0998671835191,349.933389800348,562.1402489813705,481.66708595418464,508.52769822108814,608.8054206142829,322.4155577246794,601.1464847913854,,,,,,,,,,,,,,,,,,,,,,,,
labeled-data,8WK_F_WT_14,8WK_F_WT_14_selected_15_frame_043050.png,528.8718798294875,607.618430162609,454.71504293566784,523.1620325890922,436.1758337122129,566.4201874438204,352.7493922066658,552.0008024922444,266.2330824972095,578.7796602594569,235.33440045811795,515.9523401133042,,,,,541.2313526451242,316.1408629271789,559.7705618685791,454.1549760351211,,,,,,,644.226959442096,505.65277943360695,,,,,,,,
labeled-data,8WK_F_WT_14,8WK_F_WT_14_selected_16_frame_043240.png,,,,,,,,,395.4720351925873,587.1562339171276,145.89682867936978,658.088134715621,603.0135227141052,394.5016885385034,,,503.18344010881805,442.6653248831594,547.8442665374992,533.738382698509,,,,,632.7874069998925,306.0557381601351,,,538.2115392685679,326.19689517699123,,,,,,
labeled-data,8WK_F_WT_14,8WK_F_WT_14_selected_17_frame_043740.png,623.4321096534409,460.7733095112258,501.65966337440636,429.53325784801797,491.4588301782569,460.13575743646646,519.5111214676681,559.5938810989239,487.6335177297009,629.0870572476924,346.0969571331267,574.2575788183888,642.5976950774309,281.0674858649186,,,536.0412384270975,317.4319909122546,,,,,432.02184026843855,543.2301966712947,,,,,,,,,,,292.4836232263351,530.5449042129217
labeled-data,8WK_F_WT_14,8WK_F_WT_14_selected_18_frame_043990.png,,,531.617647385016,403.4659647823769,556.5780540455833,411.7861003358993,545.9887906138274,531.2935019228572,477.9149542668261,631.1351285651258,341.0109056134122,576.6760594875248,,,,,527.0793916285493,325.55924096303085,,,,,398.4954785286578,543.3955172734352,,,,,,,,,,,,
labeled-data,8WK_F_WT_14,8WK_F_WT_14_selected_19_frame_044750.png,624.6577941506714,358.3690617139373,514.4524948779116,405.7470408405444,530.931791965427,422.2263379280598,542.261308713094,522.1320765211225,492.8234174505475,616.8880347743366,291.98198419645246,603.4986058907302,,,,,537.1115283732453,334.6800721506338,,,,,313.82027736611053,575.1426318384306,,,,,,,,,,,,
labeled-data,8WK_F_WT_15,8WK_F_WT_15_round3_candidate280_01_frame_000206.png,,,537.5524981795135,320.42707221034004,537.5524981795135,349.9797521742791,584.0979691227175,438.63779206609627,,,,,622.5164530758382,475.5786420210201,498.39519722729426,440.85424306339166,500.61164822458966,473.3621910237246,497.65638022819576,562.7590479146403,,,,,,,,,,,,,,,,
labeled-data,8WK_F_WT_15,8WK_F_WT_15_selected_00_frame_000470.png,,,,,539.0687696771543,410.9600037907965,541.8419824102634,509.8712579383577,479.9068980374915,627.2705969733133,393.0128990667368,593.0676399316334,,,,,528.9003229890872,348.10051517365486,,,,,346.79268684825024,579.2015762660874,,,,,,,,,,,,
labeled-data,8WK_F_WT_15,8WK_F_WT_15_selected_01_frame_000630.png,628.792111370427,413.93621811997644,499.6977677964275,396.72363897677656,499.6977677964275,428.99722487027645,474.9546852780776,531.1969135330261,,,,,,,,,545.9565742437774,354.7679773152267,,,,,351.23927268632804,578.5315061768259,,,,,,,,,,,,
labeled-data,8WK_F_WT_15,8WK_F_WT_15_selected_02_frame_001080.png,508.34198533442986,431.1749503152413,416.2718098958333,413.2100380345395,401.6753186677631,462.61354680646934,431.9911081414474,547.9468801398026,389.32444147478066,606.3328450520834,152.41215648985747,636.6486388089365,632.5068967108643,309.048528338818,546.0653078163427,295.7498223550454,519.4678958487976,341.5564762991509,575.6179877802817,472.32708513958124,522.4231638451915,570.5897460196785,,,,,,,,,,,,,,
labeled-data,8WK_F_WT_15,8WK_F_WT_15_selected_03_frame_001260.png,631.9257777650394,506.2806499007751,,,553.5839489876175,462.1570911640662,499.5551015549129,543.2003623131233,452.7301004465687,625.1441142527254,274.43490391864316,590.0253634214673,,,,,,,,,,,,,,,,,,,,,,,,
labeled-data,8WK_F_WT_15,8WK_F_WT_15_selected_04_frame_001790.png,629.3958924005642,420.13987583544633,529.2083632955951,422.87226299285453,524.6543846999147,452.01772600520917,531.0299547338673,553.1160508293144,495.50892168755996,631.4444826750176,281.1170062920478,600.345306837628,,,,,,,,,,,,,,,,,,,,,,,,
labeled-data,8WK_F_WT_15,8WK_F_WT_15_selected_05_frame_002670.png,642.702906789073,350.787279794341,,,545.2477648415121,418.1861630104112,568.9284535390502,525.660057868469,517.0130975482934,633.133952726527,301.1545121130416,609.4532640289888,,,,,,,,,,,,,,,,,,,,,,,,
labeled-data,8WK_F_WT_15,8WK_F_WT_15_selected_06_frame_002720.png,,,,,551.7829874065274,380.213339224464,556.2853913592528,502.6787267385947,520.2661597374497,631.447479786541,301.4493276349955,611.6369023945492,1150.0333482550805,573.4858095742317,1127.5940805120852,496.3409645097345,1075.623474014357,501.23231570952066,1032.824151016228,470.0499518108837,,,,,,,,,,,,,,,,
labeled-data,8WK_F_WT_15,8WK_F_WT_15_selected_07_frame_002980.png,627.6010751813731,423.58927391831793,,,524.2157275666902,448.65238849157436,546.9291751487038,544.988735132529,510.90094794964773,635.0593031301694,298.647696407382,608.4297438960843,,,,,,,,,,,,,,,,,,,,,,,,
labeled-data,8WK_F_WT_15,8WK_F_WT_15_selected_09_frame_004070.png,,,570.4985139857251,403.56476983583866,609.3234922492537,398.94274861399003,601.9282582942959,465.4998542086106,602.8526625386656,545.923023468777,534.4467484553056,645.758681860708,,,,,,,,,,,,,,,,,,,,,,,,
labeled-data,8WK_F_WT_15,8WK_F_WT_15_selected_12_frame_007410.png,,,,,530.4597011083033,393.9429102403707,584.9527474439546,511.4580089271881,,,747.9517996435402,541.5018581211905,,,,,,,,,,,,,,,,,,,,,,,,
labeled-data,8WK_F_WT_15,8WK_F_WT_15_selected_15_frame_008860.png,630.5200724805344,426.9579177296642,536.7081134095178,394.16927184076513,511.2058332737074,425.136326291392,548.5484577582869,536.2534040259942,509.38425573307495,628.2437711158622,,,,,,,,,,,,,,,,,,,,,,,,,,
labeled-data,8WK_F_WT_15,8WK_F_WT_15_selected_16_frame_010300.png,1000.2765067938406,368.49050229221007,1088.9345466856578,395.08791425975517,,,1037.956173747863,499.9999281317387,,,,,,,,,,,,,,,,,,,,,,,,,,,,
labeled-data,8WK_F_WT_18,8WK_F_WT_18_round3_candidate280_02_frame_009290.png,636.6058051897248,259.2546838788195,,,517.985654684806,312.7309812375944,577.2957299372654,427.4619464800568,617.159878877443,554.8327638255024,,,612.2983972993726,197.02771967951784,546.1822478376146,155.21897810811205,511.1795804755074,213.55675704495735,,,,,,,,,1183.9126041470006,247.4626408715817,,,1128.7032646328557,288.4752930820893,1048.2553699122445,335.7975840942135,876.3177125681933,263.2367378756231
labeled-data,8WK_F_WT_18,8WK_F_WT_18_round3_candidate280_04_frame_014775.png,,,558.9925366482664,239.009382999377,,,492.32921734494687,227.49750372090915,420.67390024874703,224.93838525318768,,,1035.3891236958702,571.7398512704096,1047.544936417547,476.4126883477867,984.2067543414419,490.4878399202545,960.5349085150186,463.6170960091796,,,,,1074.9457568441544,592.6521327440432,1083.3653709149314,528.2420851025988,1050.9498567424398,510.9818762575059,1146.0914957422203,509.29795344335054,,,951.7892006244817,625.6044905268283
labeled-data,8WK_F_WT_18,8WK_F_WT_18_round3_candidate280_07_frame_032618.png,,,,,,,525.8149231548014,220.30377640766278,398.83344227226814,209.2619085048338,251.34563528448103,495.5617691281852,937.0544030281319,477.00193849545997,1022.1450920798691,413.66375641935474,979.9196373624657,402.7875029315387,1043.257819438571,506.4318008742564,,,,,,,,,,,,,,,,
labeled-data,8WK_F_WT_18,8WK_F_WT_18_round3_candidate280_08_frame_034249.png,,,336.20490247771517,461.9996735592792,342.5145412793317,487.2382287657454,270.74239991094333,494.33657241756407,222.6314040486171,527.4621761260511,,,670.1942412547359,521.7576531168695,623.6606550928137,457.8725602505018,588.9576416839227,482.32241060676597,545.5788749228088,486.2659348577763,503.7775178620991,468.9144281533308,,,,,,,529.8047779187674,278.0478544044299,581.859298032104,326.1588502667562,607.8865580887723,378.2133703800928,,
labeled-data,8WK_F_WT_18,8WK_F_WT_18_round3_candidate280_09_frame_044157.png,,,,,549.8380610258537,167.2376799893342,569.5591046786324,288.1588160708447,617.823764144643,374.82761317647675,,,,,,,,,1007.8507094090779,471.4266622246433,1055.0774192091528,560.6903334951146,951.8014274485494,619.3344896204824,,,1094.0005316817421,334.4173063211293,,,1115.2784998334241,457.41434173451125,1140.708266648849,559.1334089962111,918.0680633056388,614.6637161237717
labeled-data,8WK_F_WT_18,8WK_F_WT_18_round3_candidate_01_frame_006338.png,,,,,,,379.335522774862,245.15142252558115,287.8470375538211,196.52817163887408,176.52538420793923,198.44751048966515,,,,,,,,,447.7919417864101,492.10635466069846,271.85254713056224,575.2777048616447,634.6075899300739,315.5271803879203,,,526.4848346688439,387.1824974841201,558.4738155153616,494.0256935114895,494.3725393957449,581.7179418263966,,
labeled-data,8WK_F_WT_18,8WK_F_WT_18_round3_candidate_02_frame_022549.png,122.92782794645197,657.7178321564757,131.23142527393767,566.3782615541329,104.763708792577,541.4674695716758,199.7361032256947,547.1761927343222,290.55669899506955,524.8602749167044,410.9588602436122,544.5813185694828,,,,,29.33783792193131,208.68380136691383,127.42634184648387,237.73146991109462,250.96741070558576,224.77117881587913,453.63480610248587,366.37327217709634,,,1053.3278430419075,346.0111705133785,,,1005.5821584088648,462.26153309817835,1043.4673212155183,557.7529023642638,1071.2010064282208,503.11646828809194
labeled-data,8WK_F_WT_18,8WK_F_WT_18_round3_candidate_03_frame_023534.png,480.1160221866076,588.2077038172632,524.2288829888754,492.7163345511776,448.9775322085363,482.33683789182055,,,571.4555927889503,529.5635476918955,,,,,,,,,,,377.87798009194,484.9317120566598,263.7035168390116,564.3348615007419,926.1381740629663,450.51645615102655,1014.6171387838484,407.7354182640066,,,1036.9799540429724,502.0481608785732,1059.3427693020965,567.1920140247171,,
labeled-data,8WK_F_WT_18,8WK_F_WT_18_round3_candidate_04_frame_024906.png,627.0687635739234,182.09177851378436,541.4379161342271,191.95230034017362,,,,,,,,,,,,,531.5773943078378,231.91336247869856,568.9435822815235,366.8468190503412,,,,,,,1047.2808086508896,347.7606570917686,,,1006.3349131673469,462.28120852230234,1056.877502904845,561.4470491465074,,
labeled-data,8WK_F_WT_18,8WK_F_WT_18_round3_candidate_05_frame_039577.png,,,289.695955129377,451.31030571081504,331.7329165997733,492.8282923482435,244.02616982820564,532.7893544867684,,,,,320.83444510744835,627.2427740869183,370.65602907236257,523.966782326315,317.72059610964124,503.2077890076007,422.0345375361803,535.9032034845757,,,,,,,,,,,,,,,,
labeled-data,8WK_F_WT_18,8WK_F_WT_18_selected_01_frame_007960.png,,,,,,,514.8956249784064,450.67207543666734,467.6716532214579,523.822933648411,481.56105667938397,556.231541716905,,,,,,,,,604.7137673396612,549.7498201032063,756.5712451463189,621.9747180844215,,,,,530.6369488973892,238.62718264566365,569.5272785795819,347.8904898480149,631.5666140249848,446.96823451455384,,
labeled-data,8WK_F_WT_18,8WK_F_WT_18_selected_03_frame_010080.png,,,,,,,,,410.3917207682092,504.9351033754765,250.50453825097247,495.5299749921097,599.837878204599,400.1351013893886,,,493.02249156493235,421.63253769422715,515.8635176388234,522.4017703731579,,,705.3096750752131,543.2274117934702,622.7141371385287,159.14472440052785,,,527.9616559637275,196.4714594087829,563.134925490737,291.941762410666,617.689384348956,383.10513445005813,,
labeled-data,8WK_F_WT_18,8WK_F_WT_18_selected_04_frame_010930.png,,,,,,,568.1075891530121,292.55413460220825,618.4075361144392,383.7647050922626,,,,,1132.256397104125,273.0520766693356,,,1083.8497324646116,396.50735832249086,1115.3710325604393,515.8858991109443,,,,,,,,,,,,,,
labeled-data,8WK_F_WT_18,8WK_F_WT_18_selected_05_frame_012190.png,306.8941076324051,579.0510069175589,270.2706244896189,532.661261603363,270.2706244896189,481.3883852034623,,,,,,,,,,,542.0982487179655,227.4655687468112,564.0723386036371,331.63903190851414,608.8343735559314,427.6739432607091,698.35844346052,522.8949994319532,,,1148.6532765490497,261.590338498148,1087.1121056833265,393.06465807492026,1100.1662934427225,514.2821158407387,,,,
labeled-data,8WK_F_WT_18,8WK_F_WT_18_selected_07_frame_014180.png,594.2635615729542,426.0166605398614,547.9876103684414,397.84869024146224,523.8436358269564,419.98066690449014,509.75965067775684,470.28061386591713,468.84902714912954,520.5805608273441,287.0985521285065,531.3112161791153,,,,,,,,,,,,,,,,,,,,,,,,
labeled-data,8WK_F_WT_18,8WK_F_WT_18_selected_08_frame_016280.png,520.7909120871877,603.0832249049386,526.7688726277639,525.3697378774483,450.05171235703637,527.3623913909737,405.21700830271504,527.3623913909737,362.3749577619192,520.3881040936348,,,,,,,,,558.458744102357,259.9020221437508,618.8647712369443,342.36104331160016,,,663.9634832790174,568.8204306022402,716.7225415706027,493.7058391362542,651.4443847013531,486.552068520446,,,,,967.1045131238895,501.75383107903843
labeled-data,8WK_F_WT_18,8WK_F_WT_18_selected_09_frame_017290.png,,,,,,,477.6815229865757,246.29244698221714,,,,,599.291291992253,394.84108886889896,,,544.6438641479297,407.92568426824397,534.6379970778423,463.3427941948817,491.53580046823515,505.67530872217446,391.4771297673615,550.3168694964104,616.9939798854846,172.40296708003345,546.1832283125585,183.94819831474965,544.6438641479297,210.1173891134397,568.5040086996764,278.6190944394225,622.3817544616854,340.96334310689,,
labeled-data,8WK_F_WT_18,8WK_F_WT_18_selected_11_frame_020590.png,607.3434689238111,373.1222372351753,,,529.1497156122291,435.30782057745694,561.1660555508297,526.4312496334736,,,,,,,,,,,,,612.8502575078319,502.10461184970654,704.7474010767091,598.9961653951532,,,,,,,,,,,,
labeled-data,8WK_F_WT_18,8WK_F_WT_18_selected_12_frame_026200.png,639.44580381695,192.67053875650308,,,535.4602498228135,213.92306074070618,573.4111819374618,336.125062149874,646.2769715975868,439.3515975017176,,,,,986.2441964572106,407.28204212248147,,,1009.7737743682926,490.7740927747079,,,,,,,,,,,,,,,,
labeled-data,8WK_F_WT_18,8WK_F_WT_18_selected_14_frame_029640.png,,,,,,,,,196.46928761531612,597.9939803273047,276.80084903499335,640.7099693361807,269.15022413788125,585.8804909068772,341.83116066044636,532.9636687018517,325.6504865186199,491.1756559905605,451.7540907772367,508.031357917842,581.6416071098215,564.8571463133478,759.3988181748862,550.625770603424,,,,,,,,,,,106.63579916266272,612.8147061836
labeled-data,8WK_F_WT_18,8WK_F_WT_18_selected_15_frame_033490.png,282.4038801785563,477.6579394202598,297.82919724672723,413.2740073096332,246.1879183663288,419.98066690449014,295.81719936827017,503.14324588071617,,,,,625.7848616687818,162.44493822213488,,,533.2329490262057,187.93024492244007,564.0835831625475,287.18880692632274,613.7128641644889,366.32739014563464,,,,,1055.681721232011,337.4887538877498,,,1024.1604211361832,446.13663932443217,1054.3403893130394,568.8685099103141,,
labeled-data,8WK_F_WT_18,8WK_F_WT_18_selected_17_frame_039470.png,341.71811233041734,494.4219709293767,277.2015277355151,444.3267405380408,306.80325478494086,461.02515066848605,238.4915769785738,537.6860335400759,284.0326955161518,615.8649536962515,542.0990338957608,606.756729988736,551.9662762455695,511.87939970211494,590.6762270025108,451.1579083186775,549.6892203186906,432.9414609036463,511.73828820404214,461.02515066848605,,,,,,,,,,,,,,,,
labeled-data,8WK_F_WT_18,8WK_F_WT_18_selected_18_frame_041040.png,,,,,,,,,287.6331014170068,492.6413913663204,396.13363076544175,509.3337804968488,,,,,,,,,1121.562340969559,328.63007076773636,1212.8719343958774,542.5554039379682,,,,,,,,,,,,
labeled-data,8WK_F_WT_18,8WK_F_WT_18_selected_19_frame_044540.png,,,,,539.6893473311893,158.86944667990895,559.8942936869466,284.1401140856036,621.3173306084484,389.20583513554107,,,,,1017.07928834617,356.34045618448494,,,1005.8319895620082,466.00161933006126,1050.8211846986549,572.1480016055871,864.5377985859773,615.0283282202033,,,,,,,,,,,1171.244131300452,601.4089840864837
labeled-data,8WK_F_WT_19,8WK_F_WT_19_round3_candidate_01_frame_002847.png,603.6713941128892,105.33572485779086,581.4604802264865,152.82112695975525,579.928693061907,207.96546461071222,445.1314225789113,210.26314563148634,316.46130075423366,241.66478250536602,179.366355367673,529.6407720940585,,,,,,,569.2061829098504,292.21375866258455,615.925691429525,379.5256270436158,,,,,1045.3995360233776,374.6705803414626,,,1012.4661119849184,467.34370379852214,,,,
labeled-data,8WK_F_WT_19,8WK_F_WT_19_selected_03_frame_007120.png,315.4014864269214,599.7240136977325,316.1513422635512,520.989150851603,352.1444224217819,496.99376407944925,428.629717758022,558.4819426830933,530.6101115396755,594.4750228413238,775.8129701176217,564.4807893761317,,,,,,,,,,,,,,,,,,,,,,,,
labeled-data,8WK_F_WT_19,8WK_F_WT_19_selected_05_frame_010860.png,,,562.1040566781272,184.30389164671263,,,456.3743837133248,201.55057588919814,350.6447107485223,229.29524184450096,223.16921852145543,510.4911805806778,,,,,,,,,,,,,,,,,,,,,,,,
labeled-data,8WK_F_WT_19,8WK_F_WT_19_selected_06_frame_011370.png,603.3165264970964,406.37950594465275,,,550.4590863014391,395.87617631173555,526.6525627211058,472.8754010168761,478.29556169855385,543.5510178959905,410.2237833360383,523.8362405560271,,,,,,,,,,,,,,,,,,,,,,,,
labeled-data,8WK_F_WT_19,8WK_F_WT_19_selected_08_frame_025600.png,292.1823669150664,633.698682186729,340.5734855146412,527.4279903602118,274.1543031230679,519.8372266583176,383.27153133779547,531.2233722111588,427.8672680864233,590.051790900838,576.8360057360949,550.200281465894,,,,,,,,,,,,,,,,,,,,,,,,
labeled-data,8WK_F_WT_19,8WK_F_WT_19_selected_10_frame_031250.png,,,,,,,534.6638426166409,486.4380439943369,494.14220704211243,545.8697761703121,474.3316296501207,615.2067970422831,,,,,528.3604770828254,228.00005710789924,562.5787471235384,327.05294406785794,590.4936516304358,437.8120813049026,522.9575923395549,605.3015083462873,,,,,,,,,,,,
labeled-data,8WK_F_WT_19,8WK_F_WT_19_selected_13_frame_034160.png,583.3434309784254,624.6606330746395,640.7791800229913,521.0122123850207,568.159267437908,521.6723934085214,700.8556531615602,548.7398153720525,,,,,,,,,,,1059.8137266738433,382.29635705049805,,,,,,,,,,,,,,,,
labeled-data,8WK_F_WT_19,8WK_F_WT_19_selected_15_frame_036990.png,,,106.7406655001519,554.380697855285,59.170816383408024,536.6212875183674,145.4308094484369,532.1814349341379,193.15428202853482,554.8775792270844,,,1089.3292600632037,336.31349818972365,,,1052.2479545510168,359.37626137413247,1003.5822540884158,450.18413490167023,958.6402686848869,529.4076134787937,834.7344429490432,660.548815899942,,,,,,,,,,,,
labeled-data,8WK_F_WT_19,8WK_F_WT_19_selected_16_frame_038370.png,570.7463218340359,505.4746355560331,552.6106379220624,461.042209971698,488.2289600345565,469.2032677320861,450.14402381941215,545.3731401623749,389.3894827143009,568.9495292479404,246.1175798097102,555.3477663139603,,,,,,,,,,,,,,,,,,,,,,,,
labeled-data,8WK_F_WT_19,8WK_F_WT_19_selected_18_frame_040100.png,152.71881371648428,621.5430134574403,185.36304475803658,529.0510255063755,127.32885623972135,525.4238887239808,,,219.8208441907862,498.22036285602053,,,,,341.3299264010087,548.0934936139477,283.2957378826935,536.3052990711649,367.2715879604543,505.1804660325878,,,,,,,,,,,,,,,,
labeled-data,8WK_F_WT_20,8WK_F_WT_20_selected_02_frame_011670.png,319.6849352495792,651.5572215935865,346.4181716743413,546.406491656189,266.21846240005505,555.3175704644431,,,387.4091341923098,535.6671553660967,548.6996606217076,563.3375413918716,,,,,,,,,,,,,,,,,,,,,,,,
labeled-data,8WK_F_WT_20,8WK_F_WT_20_selected_03_frame_013220.png,416.5904011822488,436.32566784022254,,,326.16684383013865,435.59644560351194,337.10517738079716,530.3953363758856,396.17217855435297,544.9797811100968,551.4965149737036,562.4811147911505,,,,,,,,,,,,,,,,,,,,,,,,
labeled-data,8WK_F_WT_20,8WK_F_WT_20_selected_05_frame_013540.png,754.7045010848935,598.9010152863957,735.3169444610606,503.10367667451567,680.0053858577728,526.4827890738435,603.0253816160836,514.5081217473585,528.3262663889628,507.6654547036528,329.318699867855,539.0276786539706,,,,,,,,,,,,,,,,,,,,,,,,
labeled-data,8WK_F_WT_20,8WK_F_WT_20_selected_07_frame_014660.png,320.33306593645415,674.7813392445778,331.2713994871126,572.6902261050985,299.1856210718477,558.8350036075977,416.5904011822489,545.7090033468075,509.20162524449086,557.3765591341765,709.112937507962,559.6865031343299,,,,,,,,,,,,,,,,,,,,,,,,
labeled-data,8WK_F_WT_20,8WK_F_WT_20_selected_09_frame_016090.png,347.92495369122753,651.2881868619401,361.52775115965767,534.8142335385071,312.21761033659845,539.0651077473915,437.1933120778002,542.4658071144991,514.5592226794964,577.3229756273513,716.0506536942984,566.2707026842518,,,,,,,,,,,,,,,,,,,,,,,,
labeled-data,8WK_F_WT_20,8WK_F_WT_20_selected_10_frame_016860.png,313.91795353383293,623.232417083303,307.1165547996178,545.0163316398298,313.067778692056,512.7096876523082,419.33963391416637,543.3159819562759,517.9599155602848,569.6714020513593,729.6534511627285,571.371751734913,,,,,,,,,,,,,,,,,,,,,,,,
labeled-data,8WK_F_WT_20,8WK_F_WT_20_selected_13_frame_019520.png,,,,,,,506.6924589882825,242.75207968102953,,,,,,,,,,,,,,,,,,,,,,,,,,,,
labeled-data,8WK_F_WT_21,8WK_F_WT_21_round3_candidate280_10_frame_041549.png,241.1743332493054,135.24579960004408,244.23790757846436,237.87553962687034,274.10775728776457,211.8351578290189,362.18551925108557,221.02588081649589,,,,,,,,,,,987.8553652569911,464.6285123357003,,,,,,,,,,,,,,,,
labeled-data,8WK_F_WT_21,8WK_F_WT_21_selected_01_frame_025410.png,601.1652967562993,391.6455168204577,,,543.5238105727366,403.9096628169604,516.1338845138805,468.50083173187465,467.07730052786974,527.7775373816377,617.5174914183028,524.0982935826869,937.7970475259965,526.4094428991566,960.9794269552467,445.27111489678094,911.5908794755399,448.29490351798745,,,,,,,,,,,,,,,,,,
labeled-data,8WK_F_WT_21,8WK_F_WT_21_selected_02_frame_026400.png,,,,,565.1279565387445,189.47517199562475,553.323720009868,283.28778861985273,623.5278635763433,360.9472394677236,844.5303173844057,497.10881257422267,,,979.51897245894,455.9746464355301,940.8077920092871,440.8678443088363,,,,,,,,,,,,,,,,,,
labeled-data,8WK_F_WT_21,8WK_F_WT_21_selected_03_frame_027860.png,106.44625984106182,657.2921564574572,104.83258049465076,576.6081891369047,,,197.8357071859528,557.8172360794326,305.29513517206533,576.5290767735319,535.1834596207121,583.4791890313402,,,,,,,,,,,,,,,,,,,,,,,,
labeled-data,8WK_F_WT_21,8WK_F_WT_21_selected_04_frame_028300.png,316.9594938251112,510.8708699761693,329.3730630175799,437.0790975542724,279.0291435147904,446.04445308216634,,,,,,,,,,,,,,,,,,,,,,,,,,,,,,
labeled-data,8WK_F_WT_21,8WK_F_WT_21_selected_06_frame_029000.png,,,457.3299626305334,466.1916200466569,518.4013549973397,458.76401827231564,522.1184209865304,532.2147469296908,610.8337326335871,574.304490317625,883.640283398517,509.7829642131247,,,,,,,,,,,,,,,,,,,,,,,,
labeled-data,8WK_F_WT_21,8WK_F_WT_21_selected_08_frame_029870.png,,,,,531.7266783060282,438.4246293098874,,,467.7453610850969,566.3872637517502,589.6926580104619,628.181185512137,,,,,,,,,,,,,,,,,,,,,,,,
labeled-data,8WK_F_WT_21,8WK_F_WT_21_selected_10_frame_037120.png,173.1702477966804,577.6945915034922,219.4982934753758,517.3277441039801,225.1138141637025,489.25014066234655,321.9815460373384,522.9432647923069,437.09972014803606,519.4335643621029,564.7217077689718,444.0468669667713,,,1076.575595567083,373.2648184102801,1015.1451782827727,465.1795029183836,,,,,,,917.6878997339795,445.7804237759698,,,,,,,,,,
labeled-data,8WK_F_WT_21,8WK_F_WT_21_selected_11_frame_037980.png,,,547.8456011048465,403.99495578560914,603.236640116835,405.80118531860876,542.2062417631381,481.0716449263515,506.6837276141454,548.5042141583376,306.794330555666,565.9644329773339,,,1005.5157660408961,372.6978729463739,1002.5053834858967,478.663338882352,1050.6715043658867,572.5872745983326,,,,,,,,,,,,,,,,
labeled-data,8WK_F_WT_21,8WK_F_WT_21_selected_13_frame_039770.png,448.7254318391125,159.65381440176176,411.02709553856187,237.03460996604983,476.5031533237287,232.4049897186138,509.5718693768433,234.38911268180067,545.9474570352694,235.71186132392526,,,,,1003.4432157414167,419.4097338145839,,,1014.5108045833924,505.3463059993368,1042.5052940072133,580.8663239798772,,,,,1034.4826978462754,345.6785139647084,,,,,,,,
labeled-data,8WK_F_WT_21,8WK_F_WT_21_selected_14_frame_040360.png,,,,,535.900919801154,225.50659228866806,558.1777507081495,315.8180689386494,619.5895548301368,382.0464851486357,,,,,996.7077701239491,419.1335254945399,,,994.4810940465329,500.77831499980226,,,,,,,1039.7568409539965,338.2309613484164,,,,,,,,
labeled-data,8WK_F_WT_21,8WK_F_WT_21_selected_15_frame_041620.png,,,379.81998901297186,248.85689632675252,,,309.97911373698633,243.43820772775365,209.43233640000707,220.55930030975838,122.13124230502513,456.5732926217096,,,1006.3508973146377,408.6043284641975,,,991.2989845396407,491.08881047118047,,,,,,,1046.0879470406294,358.02990154020796,,,,,,,,
labeled-data,8WK_F_WT_21,8WK_F_WT_21_selected_16_frame_042890.png,599.7473228844135,417.87413013721255,537.527524705825,403.0598924756439,550.1196267181585,420.8369776695263,516.787591979629,471.94609760193805,470.12274334568775,522.3145056512715,332.35033309309927,521.5737937681931,627.7362677257858,166.98313153460134,,,513.6446760496771,198.61248368243344,563.347943710556,301.40787816288776,613.0512113714351,404.2032726433421,623.2177888475239,604.1459630064237,940.1309596304629,457.4731519700758,1004.600157954136,413.10725204840827,,,988.6561626697869,485.89505660739405,,,,
labeled-data,8WK_F_WT_21,8WK_F_WT_21_selected_17_frame_043230.png,,,390.434278672113,436.82429702765165,443.07946419585255,443.9736432098879,,,448.2789886920243,574.6116961762044,617.2635348176079,598.0095564089776,,,,,585.4164472785557,453.0728110781886,521.0723316384297,479.0704335590476,,,,,,,,,,,990.3294372525468,440.72394039978053,,,,
labeled-data,8WK_F_WT_21,8WK_F_WT_21_selected_18_frame_043410.png,460.9412163019409,565.0519757080334,,,368.9846347597094,520.5811698802329,301.1478123105222,522.0886548235483,,,,,,,479.78477809338176,505.50632044708027,425.5153201340321,479.125333939063,504.8707427665447,485.9671927571191,,,,,,,1011.6915778189039,397.4694371709759,,,984.2234071750163,474.091176335504,,,,
labeled-data,8WK_F_WT_24,8WK_F_WT_24_round3_candidate280_08_frame_034063.png,622.1466022694171,186.0832186794584,562.5041440182524,176.7640845777139,,,490.4361736314282,233.3001647949639,407.8065179292936,241.99802328992544,,,1031.0449214061878,487.3504823967263,1015.7270497603927,410.7611241677514,979.7300513927746,432.97203805415415,,,,,,,,,,,,,,,,,,
labeled-data,8WK_F_WT_24,8WK_F_WT_24_selected_04_frame_020810.png,479.59182277616117,408.42789324635186,575.5438619056728,441.7173762096519,,,648.9482684182633,508.9230770030308,,,,,,,,,,,,,,,,,,,,,,,,,,,,
labeled-data,8WK_F_WT_24,8WK_F_WT_24_selected_05_frame_021300.png,625.6929752931921,132.3860687461318,,,518.8354350980134,183.05128176970797,570.4218338129273,292.6723790389,608.190447157775,398.6087335427411,619.8957100915911,581.924686118953,,,,,,,,,,,,,,,,,,,,,,,,
labeled-data,8WK_F_WT_24,8WK_F_WT_24_selected_06_frame_022260.png,238.65202020750752,175.37417954396005,,,,,,,140.69064525086543,242.33511938774072,124.57041899217751,518.8590005944646,,,999.3262217770439,392.47766146082625,,,961.036524142653,464.80264588134236,,,,,,,,,,,,,,,,
labeled-data,8WK_F_WT_24,8WK_F_WT_24_selected_07_frame_023590.png,323.43890885382706,574.5105778241405,354.06624279567086,493.5669095492675,276.03946346764025,489.19157612900415,247.4043530099089,532.2156880949276,222.07701795105834,568.6767999304559,,,,,992.1356943538923,398.768018776894,,,981.9265830399443,479.71168705176683,,,,,,,,,,,,,,,,
labeled-data,8WK_F_WT_24,8WK_F_WT_24_selected_09_frame_028010.png,582.1400640287634,414.4140029348869,,,468.8181180672976,416.9510614265615,541.5471281619697,534.5014382074851,608.356335109401,589.4710388604349,825.0954216198397,537.5750713488629,,,,,,,,,,,,,,,,,,,,,,,,
labeled-data,8WK_F_WT_24,8WK_F_WT_24_selected_10_frame_030730.png,488.08402242528024,102.32378904202614,493.5739972402133,204.011578901818,530.1505834910796,171.25275414199538,395.5133819177289,210.7398545013205,284.5954072555278,184.88679273795037,28.56669882473271,190.7245808780663,,,,,,,,,,,,,,,,,,,,,,,,
labeled-data,8WK_F_WT_24,8WK_F_WT_24_selected_11_frame_030940.png,635.8569554520449,146.89455828568413,538.0718895068487,233.7381916890862,,,467.4258970211975,220.2323401844764,365.61255490952357,173.4813157454425,,,,,,,,,,,,,,,,,,,,,,,,,,
labeled-data,8WK_F_WT_24,8WK_F_WT_24_selected_14_frame_033470.png,,,377.1001897311651,414.23443306863294,434.136681934306,403.0893713737663,,,453.80443786642354,542.074846627397,537.7201965101251,624.0238296778869,,,,,,,,,,,,,,,,,,,,,,,,
labeled-data,8WK_F_WT_24,8WK_F_WT_24_selected_15_frame_034880.png,,,252.08281293410278,239.53592812326698,,,,,128.46904758225062,244.8121254248704,200.07458238972595,587.0112075574368,,,,,,,,,,,,,,,,,,,,,,,,
labeled-data,8WK_F_WT_24,8WK_F_WT_24_selected_18_frame_042850.png,,,182.69901577780672,465.8564645542661,199.47112722214976,507.42213204676835,85.17455238426122,527.8777853651121,,,,,,,,,,,,,,,,,,,,,,,,,,,,
labeled-data,8WK_F_WT_24,8WK_F_WT_24_selected_19_frame_043700.png,,,,,,,482.40935089320647,493.56690954926756,538.5594631199201,536.591021515191,,,,,,,,,,,,,,,,,,,,,,,,,,
labeled-data,8WK_F_WT_25,8WK_F_WT_25_round3_candidate280_01_frame_004093.png,275.9008333139584,284.2891137501458,249.69466526350163,302.93581024758623,289.5078821093879,308.4794227197982,268.34136176094205,400.70497566659793,289.5078821093879,488.3948456815878,384.75722367739417,535.7675340804903,,,,,,,,,,,,,,,,,,,,,,,,
labeled-data,8WK_F_WT_25,8WK_F_WT_25_round3_candidate280_06_frame_022859.png,,,597.1993545227585,188.14210899344894,,,441.4104575912291,196.6396851897143,302.6167130522301,194.75133492387764,170.4321944436597,490.27815152732444,,,,,,,1152.7195328059083,280.8664794922388,1050.8556863613717,345.20154040457766,,,,,,,,,,,,,,
labeled-data,8WK_F_WT_25,8WK_F_WT_25_round3_candidate280_07_frame_024316.png,,,,,,,834.7267027609432,522.6829334081258,936.6159022733498,547.5339576794445,1079.5092918334321,559.9594698151038,,,986.3179508159872,477.95108971975225,913.0074292155971,457.44899469591434,,,,,,,,,,,,,,,,,,
labeled-data,8WK_F_WT_25,8WK_F_WT_25_selected_02_frame_008370.png,,,,,533.5600824102953,227.94253726289926,560.5495771552735,345.94311893861766,,,,,,,,,,,,,,,,,,,,,,,,,,,,
labeled-data,8WK_F_WT_25,8WK_F_WT_25_selected_03_frame_011880.png,575.1617697323707,513.7807855605342,,,521.6460542446786,451.9739028846081,,,,,,,629.4312276917204,177.6116432012289,,,534.4596762628584,212.2837968974801,566.1168600724791,352.4798966258003,618.1250906168559,469.3099797327337,,,,,,,,,,,,,,
labeled-data,8WK_F_WT_25,8WK_F_WT_25_selected_05_frame_017070.png,628.8573221749841,156.96175656782816,542.1940337678939,155.2951548676918,518.8616099659849,192.51592617073698,,,,,,,,,,,,,,,,,,,,,,,,,,,,,,
labeled-data,8WK_F_WT_25,8WK_F_WT_25_selected_07_frame_019510.png,198.52839440649416,536.266032962486,218.5574268263025,476.8942582894826,159.90097473972097,476.178935703061,,,,,389.519524981095,534.1200652032203,,,,,,,,,,,,,,,,,,,,,,,,
labeled-data,8WK_F_WT_25,8WK_F_WT_25_selected_08_frame_022170.png,449.9910709584111,473.7956834251047,472.3569928025979,414.77450078072286,412.71453455143313,422.2298080621184,451.2336221719771,505.48073937103607,,,314.5529886797244,515.4211490795634,,,,,,,1178.210830984523,336.35845896361513,1100.8555791732583,339.42203329277413,910.9139707654008,450.4766027247876,,,,,,,,,,,,
labeled-data,8WK_F_WT_25,8WK_F_WT_25_selected_09_frame_022840.png,,,583.6678032039523,192.7576841202221,,,447.70658406370853,199.36691005065063,304.19196386011777,195.5902095189772,166.34239445403716,493.949551521179,,,1216.3170752216781,246.7068044456955,,,1151.9820143093393,299.5534616236881,1047.0545935356438,348.570650890232,,,,,,,,,,,,,,
labeled-data,8WK_F_WT_25,8WK_F_WT_25_selected_11_frame_027790.png,273.00663726527034,586.2515068140292,338.74049063341596,499.44911069968305,289.01872975238274,475.00960111409046,387.6195098046012,523.0458785754277,449.98239633335476,546.6426464511723,662.353307215056,572.7676394564609,,,,,,,,,,,,,,,,,,,,,,,,
labeled-data,8WK_F_WT_25,8WK_F_WT_25_selected_12_frame_029360.png,582.8307576134379,605.7623399448703,616.4314475371659,502.76892083083436,532.4297227278458,508.6125190784392,,,,,,,,,,,544.0039949733433,229.17944604661358,559.8924782966025,342.47124017767885,622.7556079668886,449.5458017039906,,,,,,,,,,,,,,
labeled-data,8WK_F_WT_25,8WK_F_WT_25_selected_13_frame_030670.png,,,,,,,,,208.04209480599314,530.2697571429594,,,,,,,,,,,397.22031148925186,553.7258116197543,540.8886858939603,616.7639758993711,618.8839462726331,181.579901422874,,,519.7866595012558,212.6527794783059,568.4954953719329,338.6239067300568,627.28202142275,449.4784987115975,,
labeled-data,8WK_F_WT_25,8WK_F_WT_25_selected_14_frame_031940.png,,,215.58314679147355,428.69480360648885,,,249.58650042351564,486.57784107146705,219.90512583412516,554.5724432237164,,,627.0901770452339,177.21042505742776,517.6444281873817,174.0609071046838,549.9269872030071,140.99096860087235,569.6114744076568,330.74942525369516,601.1066539350963,436.2582766706174,545.9900897620772,572.4749281267931,,,,,,,,,,,,
labeled-data,8WK_F_WT_25,8WK_F_WT_25_selected_16_frame_035560.png,624.4636598015975,416.3081025075183,,,537.0596575983425,456.3065441937536,457.06277422587175,520.0077661384988,371.1401957887736,569.6354623047538,245.95988754851845,578.524004901695,,,,,531.5245853991617,262.88133181745707,573.0308522750034,328.4880117179813,611.8558333578458,386.9975459601579,624.7409948457713,535.1769030713015,,,,,,,,,,,,
labeled-data,8WK_F_WT_25,8WK_F_WT_25_selected_17_frame_035650.png,,,,,,,576.3250934814344,287.8359466872776,601.6518309076719,401.8062651053468,600.068909818532,594.1311774358386,,,,,,,,,621.3936788045216,398.890741305984,625.7078598753926,536.9445355738569,,,,,,,,,,,,
labeled-data,8WK_F_WT_25,8WK_F_WT_25_selected_19_frame_043870.png,580.5389719640796,504.7286684652079,608.1031150609574,425.6631001083741,555.1509454274816,428.56458885541394,647.2732131459943,480.7913863021298,,,,,,,1198.7664350270206,255.65190095767957,,,1117.0935445154373,340.2416804161052,993.611912432448,399.5517556685646,,,,,,,,,,,,,,
labeled-data,8WK_F_WT_26,8WK_F_WT_26_round3_candidate280_04_frame_006219.png,551.4279418062397,320.23712046822254,459.29967696826844,322.1564593190136,456.10077888361667,378.45706560888493,427.31069612175065,484.02070240239357,350.537142090108,570.3909506879917,273.12380844153495,565.9124933694792,,,,,,,571.2611099310807,289.5276988555655,603.8898703945288,392.53221718135273,567.4224322294986,613.2561850223254,,,,,,,,,,,,
labeled-data,8WK_F_WT_26,8WK_F_WT_26_round3_candidate280_10_frame_044106.png,,,326.62708359815895,235.8606293686832,,,424.4264850232156,239.80415361969358,517.4936573470599,255.57825062373496,631.0671377241365,410.16439524600014,,,,,,,,,,,,,,,,,,,,,,,,
labeled-data,8WK_F_WT_26,8WK_F_WT_26_round3_candidate_01_frame_010663.png,,,,,,,583.5238975221778,428.17321151352064,516.9868173614207,506.8661043959544,297.54240875430855,598.9943692339255,636.6256057273972,170.34202955143547,,,541.9382224217045,198.49233269637114,551.5349166756599,312.3731045099745,628.948250324233,397.46379356171184,,,,,,,,,,,,,,
labeled-data,8WK_F_WT_26,8WK_F_WT_26_selected_00_frame_000910.png,333.2337348699235,480.4986051023833,288.4491616847987,416.5206434093477,256.46018083828085,433.7946930664674,250.06238466897733,501.6113324610851,212.31538727008632,555.9925999001654,,,,,,,,,,,,,,,,,,,,,,,,,,
labeled-data,8WK_F_WT_26,8WK_F_WT_26_selected_01_frame_001710.png,188.2067050383608,608.3746361773483,191.90404055808264,514.4623139764137,116.47839595575718,534.4279257829116,,,,,309.4793100852371,497.4545705856932,,,1207.1923686320124,241.59895262094233,,,1129.5483227178538,308.15099197593537,1029.7202636853644,379.879301058539,887.7425797280459,575.8380836037963,,,,,,,,,,,,
labeled-data,8WK_F_WT_26,8WK_F_WT_26_selected_03_frame_005800.png,410.4386407538136,510.43817415574154,,,377.7968923496162,458.21137670902567,,,344.42977175865883,552.5097609878183,255.48613808526568,629.2772763110266,,,,,,,,,1073.692563829597,379.13674570557316,1126.5070457096576,583.7928629908076,,,,,,,,,,,,
labeled-data,8WK_F_WT_26,8WK_F_WT_26_selected_06_frame_010070.png,567.6489549394803,586.2387013288625,542.1243517750422,481.172311558966,470.2993056611581,519.1624185944088,586.8406701371069,529.6500232203828,649.5651232346539,578.5219608372882,735.0428640644002,610.5761136484431,,,,,532.7410890911972,244.15612449303882,561.6599889706927,359.83172401102075,525.8877259976286,453.5106622156771,,,,,,,,,,,,,,
labeled-data,8WK_F_WT_26,8WK_F_WT_26_selected_16_frame_039670.png,,,460.208322832943,457.8545911213786,,,545.0704556361783,482.356311689858,,,,,,,,,,,,,,,,,,,,,,,,,,,,
labeled-data,8WK_F_WT_26,8WK_F_WT_26_selected_17_frame_041250.png,846.6187582631258,456.83521339504404,963.6984281613809,454.2760949273226,,,1023.8377121528342,523.372293555801,,,,,,,,,,,,,,,,,,,,,,,,,,,,
labeled-data,8WK_F_WT_26,8WK_F_WT_26_selected_18_frame_042310.png,186.52442014258526,623.6801371472814,214.91420230145673,518.5775393676295,162.3629034116308,507.7048568386999,263.8412736816395,531.8663735696543,315.18449673491773,558.4440419737043,461.3616729571922,509.51697059352153,,,,,,,,,,,,,,,,,,,,,,,,
labeled-data,8WK_F_WT_27,8WK_F_WT_27_selected_00_frame_000240.png,430.54651307717893,542.8121086780615,502.042078830066,513.0812793550788,443.9961739613854,466.3614047046773,,,551.5934610350371,543.5199855667039,665.561640106471,544.9357393439888,,,,,,,,,,,,,,,,,,,,,,,,
labeled-data,8WK_F_WT_27,8WK_F_WT_27_selected_01_frame_000860.png,,,584.1534110160999,203.69438477232129,,,516.9678662590845,234.83470431856412,441.7675936522449,234.83470431856412,434.73131083523066,321.46893650305185,,,,,,,,,,,,,,,,,,,,,,,,
labeled-data,8WK_F_WT_27,8WK_F_WT_27_selected_02_frame_001640.png,,,62.311304213632496,577.4871318896444,,,145.12207786765603,565.0936827713551,225.11615854025024,533.5467213793462,218.9194339811056,495.80303542819263,,,,,,,,,,,,,,,,,,,,,,,,
labeled-data,8WK_F_WT_27,8WK_F_WT_27_selected_03_frame_004210.png,271.9705025971176,513.173965420538,271.402265737828,441.00788429075794,220.829185261053,455.78204263228776,298.1093981244395,475.670332707424,341.2953994304496,504.08217567190434,433.07612779277133,511.4331560328843,,,,,,,,,,,,,,,,,,,,,,,,
labeled-data,8WK_F_WT_27,8WK_F_WT_27_selected_04_frame_010740.png,594.1737060820408,519.170204460951,630.7274271305662,446.7657185379102,584.3323196458994,441.14206914582934,,,,,,,,,,,,,,,,,,,,,,,,,,,,,,
labeled-data,8WK_F_WT_27,8WK_F_WT_27_selected_05_frame_011720.png,,,,,539.0975785845817,187.67023598635407,554.8220533856315,287.0599666168631,613.431459462272,346.8209809424345,,,,,,,,,,,,,,,,,,,,,,,,,,
labeled-data,8WK_F_WT_27,8WK_F_WT_27_selected_12_frame_026240.png,,,,,544.2509712363603,221.22663184632313,560.0250682404018,339.5323593766336,564.7572973416142,479.921822712602,364.4262894596503,616.3677617975602,,,,,,,,,,,,,,,,,,,,,,,,
labeled-data,8WK_F_WT_27,8WK_F_WT_27_selected_14_frame_031980.png,644.3074797796968,177.266905145148,542.5645754653472,176.02146987080016,522.0582493600933,204.4148444780747,,,616.887062220879,340.5283557201617,,,,,,,,,,,,,,,,,,,,,,,,,,
labeled-data,8WK_F_WT_27,8WK_F_WT_27_selected_15_frame_032930.png,295.7079068398383,567.5846433201029,347.20933209979427,487.0683305897493,334.8780049248752,459.50418749287155,432.8032501374675,526.2384286747862,514.770307241341,565.4085267598231,699.7402148651263,487.79370277650924,,,,,,,,,,,,,,,,,,,,,,,,
labeled-data,8WK_F_WT_27,8WK_F_WT_27_selected_17_frame_040360.png,602.31820442311,503.8808588376479,578.157632779016,422.77036831818964,541.3415236070633,439.4526677867307,497.6223939653695,472.81726672381274,452.75276091205217,517.6868997771301,,,,,,,,,,,,,,,,,,,,,,,,,,
labeled-data,8WK_F_WT_30,8WK_F_WT_30_round3_candidate_01_frame_004681.png,507.7518458085118,549.2293027848559,560.6256532519399,467.08606622095857,487.92416801722624,455.75596462593825,,,,,,,629.5752112633654,181.6036847567292,,,526.5856156092308,203.8414841699487,560.5759203942918,326.5842514493355,639.886631559434,450.27119386164077,953.3527756883296,517.3076282988444,,,,,,,,,,,,
labeled-data,8WK_F_WT_30,8WK_F_WT_30_round3_candidate_04_frame_039930.png,620.0063746797937,150.15532068921408,,,,,532.6945062987625,235.16950832337614,465.2958710572646,251.25327355146084,,,,,944.3515874744569,449.69589489382975,,,987.6100992403813,483.26864956837056,,,,,,,,,,,,,,,,
labeled-data,8WK_F_WT_30,8WK_F_WT_30_selected_01_frame_002020.png,150.2850899087146,565.4447080410106,201.36112149529365,478.31500709919925,154.04068046655132,464.0437629794198,231.4058459579872,524.1332119048069,264.4550428669501,557.9335269253372,425.1943187423606,538.4044560245864,,,,,,,,,,,,,,,,,,,,,,,,
labeled-data,8WK_F_WT_30,8WK_F_WT_30_selected_02_frame_002770.png,383.92406978878046,517.9726020056687,,,,,,,577.7619138718269,506.08070973063514,,,394.0321782225589,563.7563872645477,460.032180348995,476.94557365680305,415.43758431761927,460.89151908550775,509.97812790413576,523.9185481431855,551.5997508667531,563.1617926507961,,,,,,,,,,,,,,
labeled-data,8WK_F_WT_30,8WK_F_WT_30_selected_03_frame_005600.png,513.1138056977105,554.3307241966252,562.5985714171874,472.724268448716,486.2010383765915,469.2516533105071,,,583.4342622464408,570.8256461031175,,,,,,,531.3450351733072,191.44244225379487,556.5214949253218,284.334897200883,605.1381068602465,375.4910445788667,,,,,,,,,,,,,,
labeled-data,8WK_F_WT_30,8WK_F_WT_30_selected_06_frame_009360.png,534.70696852271,505.8353148673182,570.2244758858769,444.74520220267095,,,638.4180900231576,477.42130897678453,,,,,,,,,,,,,,,,,,,,,,,,,,,,
labeled-data,8WK_F_WT_30,8WK_F_WT_30_selected_09_frame_017840.png,954.3956932523297,486.8015850709298,1041.0291718529456,505.42373467666965,1036.9808784603933,460.8925073585961,1109.850159526332,520.8072495683678,,,,,,,,,,,,,,,,,,,,,,,,,,,,
labeled-data,8WK_F_WT_30,8WK_F_WT_30_selected_11_frame_025140.png,444.31069722118417,575.8640397070769,,,,,335.7365976286211,523.3308153333205,,,,,1053.4224551626141,594.626264240734,1104.3844622100323,547.8673093209378,1063.9300854816693,517.3951813956774,1157.9733768372146,534.7327714221186,,,989.8512917323294,514.7682738159135,,,,,,,,,,,,
labeled-data,8WK_F_WT_30,8WK_F_WT_30_selected_12_frame_025980.png,635.0844371167785,187.01793447044645,530.9229099253728,160.97755267259504,517.9027190264471,185.48614730586695,552.3679302294858,304.1996525607779,616.7029911418246,380.023117207463,,,,,1059.978814004611,539.6847577498421,1060.7447075869006,505.2195465468035,1158.7790861199885,546.5777999904499,,,,,,,,,,,,,,,,
labeled-data,8WK_F_WT_30,8WK_F_WT_30_selected_13_frame_028670.png,633.0626925660224,342.0956068535266,,,529.9193039920196,399.71761164347225,577.7455679676746,509.1994207443689,,,,,,,,,,,,,1136.3971908669682,339.59921248999797,1150.4461072963768,598.7236710768715,,,,,,,,,,,,
labeled-data,8WK_F_WT_30,8WK_F_WT_30_selected_16_frame_036860.png,,,107.91958461200548,546.1940285423892,60.59914358326316,549.1985009886586,160.4978524217192,534.1761387573118,209.3205296735962,532.673902534177,,,,,1072.755477096122,350.13917356341636,,,1022.8014986947494,451.98784938060953,,,,,,,,,,,,,,,,
labeled-data,8WK_F_WT_30,8WK_F_WT_30_selected_17_frame_038320.png,119.58194090256869,600.6639595545217,151.48680783848377,519.6746819479682,230.63542004488843,524.5831230150322,306.71625658437813,523.3560127482663,,,,,1017.5004054461017,563.5390759379309,1045.422100775071,460.4947241286396,980.9362806105466,469.8019559049627,,,,,1141.1536276172515,561.5446691287189,,,,,,,,,,,,
labeled-data,8WK_F_WT_31,8WK_F_WT_31_round3_candidate280_06_frame_016700.png,,,263.96935552096846,478.02931932717644,,,330.60209718017654,474.1998514157277,,,,,581.0492985889241,597.5087181643772,549.6476617150445,481.09289365633555,517.4801312588751,504.06970112502796,441.65666661219,544.6620609863846,355.11069181344845,599.8063989112463,,,,,,,,,,,1017.668896648107,510.6906557438267,1016.9030030658173,468.56650871789054
labeled-data,8WK_F_WT_31,8WK_F_WT_31_round3_candidate280_07_frame_018232.png,,,,,,,,,692.3405919650731,534.1764150177669,462.57251727814867,545.6648187521131,,,1019.1631206482659,508.71448952184426,1003.6312304786918,480.1358116098278,1083.7757837536947,511.19959194897615,,,,,,,,,,,,,,,,
labeled-data,8WK_F_WT_31,8WK_F_WT_31_round3_candidate280_09_frame_037482.png,,,,,,,343.4632929234742,228.47434613222867,421.12274377134514,176.28719516245945,,,,,,,859.4981284535413,488.9953784028004,775.249834401669,492.8248463142491,688.7038596029274,497.4202078079876,537.7397588391245,477.483866873504,,,,,,,,,,,,
labeled-data,8WK_F_WT_31,8WK_F_WT_31_round3_candidate280_10_frame_041800.png,,,,,,,79.2038140654216,244.35947209620807,213.39934513054249,241.25309406229323,428.8021012564565,414.25791828974866,,,,,,,,,886.4275339420656,521.6440231624931,756.9915185350981,517.0486616687546,,,,,,,1114.6638214644104,505.56025793440836,989.8231675511815,533.8983204791291,,
labeled-data,8WK_F_WT_31,8WK_F_WT_31_round3_candidate_01_frame_010708.png,,,,,776.8734833712319,472.9841459557096,759.4777663813089,513.9883360033855,720.958678760765,522.064918891564,555.0780917497128,535.7329822407893,,,1102.7982015505104,424.8282595365026,1041.3144995859773,390.0546903926273,,,,,,,,,,,,,,,,,,
labeled-data,8WK_F_WT_31,8WK_F_WT_31_round3_candidate_03_frame_017692.png,,,,,,,,,665.0332826341149,509.2427122802231,549.625350258065,593.4048289038053,,,1034.7604968078838,444.5406059046237,1087.1728329087973,491.9132943035263,,,,,,,,,,,,,,,,,,
labeled-data,8WK_F_WT_31,8WK_F_WT_31_selected_05_frame_015740.png,,,675.7194493439281,486.7018220697302,652.279297161018,540.5273567119682,,,,,783.370518628404,540.5273567119682,,,,,,,,,785.1068261975086,526.6368961591326,,,,,,,,,,,,,,
labeled-data,8WK_F_WT_31,8WK_F_WT_31_selected_07_frame_018120.png,,,,,,,,,695.5926293759585,503.27549407803696,695.5926293759585,503.27549407803696,,,,,,,,,,,,,,,,,,,,,,,,
labeled-data,8WK_F_WT_31,8WK_F_WT_31_selected_09_frame_022630.png,538.8507486219783,117.40080481550497,494.87506809961843,185.0556979268278,,,418.7633133493802,229.03137844918768,,,,,,,,,1100.2301542329503,508.7547966565686,,,,,684.9930596535933,574.6104293527937,,,,,,,,,,,,
labeled-data,8WK_F_WT_31,8WK_F_WT_31_selected_11_frame_026910.png,,,,,667.2271600692372,462.69387092717085,643.0793533055268,524.1567249808309,,,502.5313903820078,553.2678217461091,,,,,1012.3889234379606,480.32448174356784,,,822.6342628647186,500.058966443185,773.2980511156757,555.4673273305717,1040.8402618761943,356.0403991658748,1114.9879218466253,358.27338065375915,,,1074.8246145398025,461.77113409826427,,,,
labeled-data,8WK_F_WT_31,8WK_F_WT_31_selected_12_frame_028340.png,,,608.035138216423,433.6406021341839,609.0419447095901,483.980926792542,548.333544252459,459.5450689628945,497.3190583211706,502.69644368282115,293.50010079215275,570.0127966281849,1012.1645364835273,502.07315362930876,1107.5293698227924,485.8673649572768,,,1102.6300743867862,533.2801945195215,,,,,,,,,,,,,,,,
labeled-data,8WK_F_WT_31,8WK_F_WT_31_selected_13_frame_030180.png,333.0250198266843,517.8008205913259,340.0301069985419,447.04944015556384,286.791444492424,457.55707091335023,,,,,,,971.4333173369719,433.09315643530226,1053.7077385989628,390.9842006712911,1011.5987828349516,372.8449581883325,1097.7601846290052,490.7500343275635,,,,,,,,,,,,,,,,
labeled-data,8WK_F_WT_31,8WK_F_WT_31_selected_14_frame_031970.png,,,,,,,,,336.5908758187686,509.83083934899696,415.72585678824464,555.9204436499006,348.76548827561106,513.309300050952,399.2031684539584,517.6573759283957,427.0308540695983,476.7854626804246,503.5569895126081,539.3977553156144,620.0854230281002,539.3977553156144,845.9088514802378,555.7273359639363,,,,,,,,,,,,
labeled-data,8WK_F_WT_31,8WK_F_WT_31_selected_16_frame_036420.png,,,,,,,425.6241543628246,179.8407640864546,272.88725490455533,178.06475362763751,182.31072150488404,505.7386832793896,338.59964188078743,564.3470284203534,317.28751637498243,472.88248979127354,,,406.0880393158367,525.2747983263775,442.4962537215869,608.7472898907805,172.54266398139006,626.5073944789514,,,,,,,,,1112.3302646250754,582.6561805598562,850.2731460179411,570.6606082292479
labeled-data,8WK_F_WT_31,8WK_F_WT_31_selected_17_frame_036810.png,272.69545918104166,550.2764408648877,333.4124503084088,474.9566290866349,283.4554322922206,448.82526581662887,382.60089881665556,534.1364811981193,432.5579168328436,594.084902817545,363.38666111812165,579.4820821666592,622.2043486263733,163.50965777589283,537.6617027528242,166.58393580765826,536.8931332448828,206.54955022060872,579.1644561816574,260.34941577650363,596.0729853563672,324.9092544435774,,,,,,,,,,,,,,
labeled-data,8WK_F_WT_31,8WK_F_WT_31_selected_18_frame_038300.png,599.8197617075812,386.4352908721212,,,542.9456181199209,394.8895554594761,509.89712927844266,451.76369904713636,446.8744296272515,499.4150085395004,287.0119719754497,525.5463718095065,807.8541378209889,478.1645882914455,,,,,820.3230632686701,506.21967054872823,,,,,,,,,,,,,,,,
labeled-data,8WK_F_WT_32,8WK_F_WT_32_round3_candidate280_09_frame_035080.png,,,,,556.2193406083276,331.4742360022968,571.7512307779018,452.6229793249753,517.7002529877836,558.2398324780797,322.6197029780185,611.6695346614148,626.4234841748028,355.7039894067892,571.7512307779017,233.31269487054473,522.6704578420473,294.81897994205843,,,,,,,,,,,,,,,,,,
labeled-data,8WK_F_WT_32,8WK_F_WT_32_round3_candidate_01_frame_014398.png,,,,,,,535.7768025749251,195.92715042956962,413.99972299085516,191.33178893583113,200.31541353201544,132.3579830995205,,,1173.3233042753723,301.890793572767,1082.9478615651822,343.24904701641344,988.7429509435431,402.9887464350138,1089.0750102235002,622.0343109698817,,,,,,,,,,,,,,
labeled-data,8WK_F_WT_32,8WK_F_WT_32_round3_candidate_04_frame_041951.png,550.4572027456496,245.3177965452085,531.1976589353776,311.173010864203,587.7337391526275,281.35178173862056,572.2018489830534,361.4963350136233,616.933692671427,426.1089981190519,,,557.9125100270452,527.9981976314584,602.6443537154189,459.03660527854913,,,671.6059460683282,503.76844896692273,741.8100896348035,554.713048723126,,,,,,,,,,,,,,
labeled-data,8WK_F_WT_32,8WK_F_WT_32_round3_candidate_05_frame_044876.png,,,,,,,552.1458379193382,447.7429939466106,504.6604358173738,498.291970377734,362.9701230937703,552.6704147203061,,,,,544.4869020964406,226.3997486648734,572.8249646411614,318.3069785396432,607.2901758442,412.5118891612822,804.1248264926652,519.7369906818469,,,,,,,,,,,,
labeled-data,8WK_F_WT_32,8WK_F_WT_32_selected_01_frame_002420.png,,,,,562.8613911919155,375.1700824552847,553.9417936009254,485.17845274416175,519.0067030362145,599.6466218285339,,,,,,,,,714.7190082007423,486.6837273841744,793.7694301613708,513.4694075526518,982.8019789064516,537.3287108426415,,,,,,,,,,,,
labeled-data,8WK_F_WT_32,8WK_F_WT_32_selected_02_frame_002880.png,621.4188859780295,424.93516889886075,533.8285540701331,381.14000294491257,519.2301654188171,402.22656433014697,492.46645289140434,518.2026519489356,422.71859600178317,609.8480918155309,250.9099706812787,584.3864888025289,,,1160.2762392444317,502.91001682461047,1179.6379900079442,528.3223147017205,1052.5765006223937,532.5576976812389,921.3813762176244,531.9729842719853,691.5151143401531,540.8139793324254,,,,,,,,,,,,
labeled-data,8WK_F_WT_32,8WK_F_WT_32_selected_03_frame_004500.png,,,,,560.8873818302388,379.3059283601238,525.6098479161624,486.6504244129563,453.03892100720526,556.701527470908,392.5631485830743,534.0231128118589,867.4437800029076,523.5028700808228,,,800.3460144703472,466.9667898635729,750.6439659277098,499.27312141628715,700.3125434389817,529.4279809679434,,,,,,,,,,,,,,
labeled-data,8WK_F_WT_32,8WK_F_WT_32_selected_04_frame_007370.png,,,225.56183684603246,457.2519529456737,,,278.23018530846406,467.9852788785292,338.85377580009566,497.4923361974649,533.6003541050716,537.1550511538259,,,,,600.0215222634174,107.76364040481484,553.6139510711505,249.71621111057232,618.4480578838762,371.1948533491533,824.5522711201204,602.5502450282485,,,,,,,,,,,,
labeled-data,8WK_F_WT_32,8WK_F_WT_32_selected_05_frame_010890.png,626.7839437695864,182.24726739983782,543.6297566864063,170.15211291501163,525.487024959167,197.87017527607165,565.8042065752543,288.07986914206697,617.2086131357655,362.6666551318285,,,,,,,,,,,,,,,,,,,,,,,,,,
labeled-data,8WK_F_WT_32,8WK_F_WT_32_selected_06_frame_011260.png,,,,,519.9943566197478,263.219442795429,569.6911679714331,316.5087947267542,618.1904657965719,371.59441694789945,,,,,,,,,557.7266920085053,430.44222519584343,539.2046487714567,507.96040615089817,692.8690074788219,540.888483016762,,,,,,,,,,,,
labeled-data,8WK_F_WT_32,8WK_F_WT_32_selected_11_frame_025070.png,,,553.392108431777,161.3456718128311,,,444.1526880819091,197.1468263812752,345.92900759925476,158.59173684602766,274.03122705729123,181.83116223540748,,,,,944.0292675920774,474.4142496057298,860.6075252529897,507.0615891964054,753.5801632771665,553.5230796665303,507.4701692426022,595.9978462062829,,,,,,,,,,,,
labeled-data,8WK_F_WT_32,8WK_F_WT_32_selected_12_frame_025860.png,,,98.96026027846762,559.271381619036,60.99803571659665,552.6113422222165,158.9006148498428,524.6391767555748,223.50299699899165,519.3111452381193,338.0556746242865,380.1163218445924,,,,,,,,,,,,,,,,,,,,,,,,
labeled-data,8WK_F_WT_32,8WK_F_WT_32_selected_18_frame_042060.png,,,,,538.9346626679556,262.3532476143117,571.3210098083729,326.0463969904655,,,,,561.5681147927428,535.8543916732322,595.6883603882934,463.3488697826871,624.3249950845591,442.6330063853885,677.3332337776467,496.85982527831715,737.6529536697808,549.2587738714842,924.6026473885454,580.9887741255094,,,,,,,,,,,,
labeled-data,8WK_F_WT_32,8WK_F_WT_32_selected_19_frame_044170.png,,,,,,,538.7623612524118,414.7145401042719,482.8171666922794,471.13789872047374,,,,,,,,,570.0633469466436,317.871448626302,633.1075814627267,406.9133056232441,737.0980713861627,534.3016557794533,,,,,,,,,,,,
labeled-data,8WK_F_WT_33,8WK_F_WT_33_selected_03_frame_005200.png,428.3217751915772,618.1631948932531,409.0598604771981,532.2871584583128,341.6431589768711,551.5490731726919,437.150152769001,519.4458819820601,482.09462043588564,571.6135676668368,732.4995117228143,560.3774507501157,,,,,,,,,,,,,,,,,,,,,,,,
labeled-data,8WK_F_WT_33,8WK_F_WT_33_selected_04_frame_006650.png,212.42781443457775,536.3000573571418,236.50520782755166,467.2781962972832,199.58653795832498,464.8704569579858,267.00323945865193,480.119472773536,303.92190932787867,493.7633290295545,393.00826488188216,496.17106836885193,,,,,,,,,,,,,,,,,,,,,,,,
labeled-data,8WK_F_WT_33,8WK_F_WT_33_selected_05_frame_007440.png,735.313897777786,619.8468095964511,730.8116696752951,494.42759816991963,681.2871605478955,513.722861466309,611.1810372376805,530.4454229898466,521.7796506310759,561.3178442640698,331.71018502380406,579.9994736380705,,,,,,,,,,,,,,,,,,,,,,,,
labeled-data,8WK_F_WT_33,8WK_F_WT_33_selected_07_frame_009300.png,895.239630804924,633.598773955787,870.71220394594,510.961639660867,857.0858556909488,545.4817219068445,757.159301821014,535.489066519851,645.4232461300868,529.1301040008551,461.013333079207,560.9249165958345,,,,,,,,,,,,,,,,,,,,,,,,
labeled-data,8WK_F_WT_33,8WK_F_WT_33_selected_10_frame_011960.png,328.27442925612945,517.6576911872539,335.6498380188774,462.0962785078863,296.31432461755514,464.554748095469,265.3376078140139,489.13944397129535,226.49378833020822,522.0829364449028,,,,,,,,,,,,,,,,,,,,,,,,,,
labeled-data,8WK_F_WT_33,8WK_F_WT_33_selected_11_frame_012560.png,278.1216496694436,637.1393131437702,312.54022389560055,541.7506931455639,282.05520100957585,520.1161607748365,386.7860054405963,528.4749573726176,462.015174820625,547.6510201557621,,,,,,,,,,,,,,,,,,,,,,,,,,
labeled-data,8WK_F_WT_33,8WK_F_WT_33_selected_15_frame_018400.png,628.0889760035207,193.46716062696606,535.320931548619,153.16104476035363,512.9286449560565,223.53680262269276,555.7938792903904,275.3589515940516,608.8955874956099,325.90154133154965,730.4537147123775,507.5989525397707,,,,,,,,,,,,,,,,,,,,,,,,
labeled-data,8WK_F_WT_33,8WK_F_WT_33_selected_16_frame_019920.png,,,,,547.5026203496999,220.63200020395107,571.0775397478756,341.0324814160628,640.5393558317862,442.90980524880933,,,,,,,,,,,,,,,,,,,,,,,,,,
labeled-data,8WK_F_WT_33,8WK_F_WT_33_selected_17_frame_020400.png,,,324.9640878383623,431.3482835079079,,,,,398.14476361044706,525.2214262224443,373.9194364583086,563.0734998976606,,,,,,,,,,,,,,,,,,,,,,,,
labeled-data,8WK_F_WT_36,8WK_F_WT_36_selected_02_frame_021990.png,,,,,241.6097279986718,480.8228714328244,185.57472899417033,509.65641460989787,139.33225408754288,556.4429186330738,233.99332036699198,548.2824818848455,,,,,,,,,,,,,,,,,,,,,,,,
labeled-data,8WK_F_WT_36,8WK_F_WT_36_selected_03_frame_023040.png,573.6614730654652,138.5694684073362,499.00231108096716,177.05357252305683,550.5710105960328,210.14990206257661,435.1186982488708,219.38608705034954,,,,,,,,,,,,,,,,,,,,,,,,,,,,
labeled-data,8WK_F_WT_36,8WK_F_WT_36_selected_08_frame_031710.png,,,,,,,,,627.012108126439,382.24823806225936,818.2897486133044,456.63488523825447,1074.9349691485727,460.8322779686629,1098.5137347316916,359.44358596125136,1024.2406231448667,378.3065984277465,,,,,,,,,,,,,,,,,,
labeled-data,8WK_F_WT_36,8WK_F_WT_36_selected_09_frame_032390.png,611.0716323101608,385.64969622661295,542.86548643703,395.7256041396891,573.0932101762584,394.9505343002217,568.442791139454,469.35723888909166,556.8167435474431,548.414362514766,445.20668666413815,618.945717906299,,,,,,,,,1088.3096014748337,544.2123700075465,889.7380389899245,592.8624028163493,,,,,,,,,,,,
labeled-data,8WK_F_WT_36,8WK_F_WT_36_selected_10_frame_033550.png,,,,,565.5297974969999,164.33110920624037,563.2287906737529,270.94442535002,621.5209635293445,349.1786573404195,763.4898027727176,561.6382873535631,,,1070.7186578397677,333.7578625441982,,,1111.7574346808028,397.9356848005645,1162.8730643740532,472.0104682902405,1106.956976768863,596.213088456159,,,,,,,,,,,,
labeled-data,8WK_F_WT_36,8WK_F_WT_36_selected_11_frame_034130.png,,,514.3498353990898,434.30616668765407,531.444440446851,477.3374138768462,,,,,,,,,,,1098.788359690141,503.8034785658108,999.5470798858616,524.7813100691544,899.4989604083765,561.0890953634031,,,,,,,,,,,,,,
labeled-data,8WK_F_WT_36,8WK_F_WT_36_selected_12_frame_035480.png,619.6487845942881,508.05949165276104,686.2195530659575,466.6865864480163,,,769.5317192474192,468.9795818475061,851.3152218292211,472.8012408466558,1010.2962361938453,511.78216263798186,,,,,,,,,1149.8981081950233,316.40179456805237,970.5550134102334,466.636847790913,,,,,,,,,,,,
labeled-data,8WK_F_WT_36,8WK_F_WT_36_selected_13_frame_036610.png,427.72899183561526,524.6987514867546,353.57629269425166,475.91408099901537,349.67351905523253,505.1848832916589,255.03125830901837,535.4313789940572,,,,,222.83337578711047,491.5251755550919,257.95833853828276,447.61897211612654,184.78133280667387,451.5217457551457,,,,,,,,,,,,,,,,,,
labeled-data,8WK_F_WT_36,8WK_F_WT_36_selected_16_frame_038590.png,637.537829483464,389.539122899153,545.5890396795849,394.50932775341676,517.6316373743514,412.5263203501228,550.5592445338486,534.9176148863672,,,,,,,,,,,,,,,,,,,,,,,,,,,,
labeled-data,8WK_F_WT_37,8WK_F_WT_37_round3_candidate280_01_frame_011627.png,1186.0011789161094,243.61509981349008,,,1104.6140744275408,280.2703606136851,1105.2353500343238,426.2701282076823,1021.3631431186234,525.0529496861741,,,,,,,,,,,,,,,,,,,,,,,,,,
labeled-data,8WK_F_WT_37,8WK_F_WT_37_round3_candidate280_04_frame_017977.png,,,732.0576715874897,488.02579891893396,738.9507138280975,533.9794138563188,615.6418470794481,475.0056080200082,500.75780973598586,383.0983781452385,298.0053284462186,237.2189690021297,877.577452222542,556.9562213250113,871.450303564224,478.0691823491672,815.5400720570724,486.49401175435446,,,,,,,,,,,,,,,,,,
labeled-data,8WK_F_WT_37,8WK_F_WT_37_round3_candidate280_05_frame_024606.png,,,,,,,778.3448070119564,508.33984588836734,898.9812206429851,510.9815191795577,1058.3621758781399,485.4453440313837,,,,,,,,,,,,,,,,,,,,,,,,
labeled-data,8WK_F_WT_37,8WK_F_WT_37_round3_candidate280_07_frame_026914.png,,,,,,,528.5992447780507,327.2065368172538,447.587930514878,452.24573926693324,274.99859538752594,587.8516357211396,,,,,,,,,,,,,,,,,,,,,,,,
labeled-data,8WK_F_WT_37,8WK_F_WT_37_selected_04_frame_008540.png,259.1040033580857,588.4277837151102,297.09411039352847,475.0510580312105,221.11389632264286,485.14218021249997,328.5740014296849,543.1516325193419,370.1063473522702,600.2996921636861,,,,,,,,,,,,,,,,,,,,,,,,,,
labeled-data,8WK_F_WT_37,8WK_F_WT_37_selected_05_frame_009410.png,,,312.2326296431686,488.38766040406836,311.2704537876506,462.4089123050825,387.2823463735723,488.38766040406836,,,,,,,,,,,,,,,,,,,,,,,,,,,,
labeled-data,8WK_F_WT_37,8WK_F_WT_37_selected_06_frame_010230.png,172.57960363632452,589.1275641988407,171.6207778087914,485.5743748252624,113.13240232927036,504.75089137592505,,,230.10915328831243,558.4451377177804,379.68598238348096,531.5980145468528,,,,,,,,,,,,,,,,,,,,,,,,
labeled-data,8WK_F_WT_37,8WK_F_WT_37_selected_09_frame_013770.png,632.6846049208241,325.65981893922685,559.0827513363239,285.51335334768123,512.2452081461875,329.6744654983813,493.5101908701328,401.9381035631633,490.83375983069647,467.5106640293544,413.2172596870418,553.1564572913181,,,,,,,,,,,,,,,,,,,,,,,,
labeled-data,8WK_F_WT_37,8WK_F_WT_37_selected_10_frame_016150.png,477.4278794870525,389.663654741367,,,364.7601627519517,424.2150878734646,361.00457219411504,527.8693872697572,,,,,635.433048258573,321.20514009437454,563.7116511085783,274.50283497344776,520.3452249248606,314.5333822199565,510.33758811323355,394.5944767129738,,,,,,,,,,,,,,,,
labeled-data,8WK_F_WT_37,8WK_F_WT_37_selected_11_frame_019660.png,203.86948202533927,542.6533224054722,249.14035404395958,476.53402248353984,185.99940096535755,477.12969185220584,,,,,,,,,414.7364385331235,493.2127648061895,403.4187205284684,517.6352089214979,310.4942990165635,540.866314299474,215.7828693986604,568.2671052581127,,,,,,,,,,,,,,
labeled-data,8WK_F_WT_37,8WK_F_WT_37_selected_13_frame_027260.png,408.90093561849676,601.0149067829731,401.7790502542283,495.83013832608526,337.1342446400993,521.5784931045943,,,,,,,,,314.12507654015513,461.02049687118074,,,,,,,,,,,,,,,,,,,,
labeled-data,8WK_F_WT_37,8WK_F_WT_37_selected_14_frame_028580.png,,,598.8486020058223,151.21295752552555,,,491.47248420608264,207.4575906587225,408.9316589586638,173.12645095404383,,,,,,,,,,,,,,,,,,,,,,,,,,
labeled-data,8WK_F_WT_37,8WK_F_WT_37_selected_16_frame_035230.png,824.6602586530922,570.8094607449618,836.8246569621488,475.4405780019582,769.6771782961565,492.47073563463744,725.8853443835528,517.9989402115548,,,,,974.7779680899141,515.2653533066273,1013.8613064706025,423.0986747372426,941.5279637958956,427.18200859791153,,,,,,,,,,,,,,,,,,
labeled-data,8WK_F_WT_37,8WK_F_WT_37_selected_17_frame_038710.png,596.9479383692309,228.2545871067483,,,,,516.2333282584032,348.9693579804639,,,,,,,,,,,,,,,,,,,,,,,,,,,,
labeled-data,8WK_F_WT_38,8WK_F_WT_38_round3_candidate280_01_frame_011064.png,262.0570565134848,175.03288929254245,172.86526620196398,208.839454975135,216.74187272617985,251.27748423626184,272.8463859866526,250.5581956047173,351.9681354565501,224.66380486911453,357.00315587736173,377.1529947565533,,,,,,,,,,,,,,,,,,,,,,,,
labeled-data,8WK_F_WT_38,8WK_F_WT_38_round3_candidate280_05_frame_021585.png,529.8905139671915,528.4439809599792,566.6491687292661,494.6026797504502,641.3334196744333,534.8621587755795,724.7697312772373,568.7034599851083,983.8307267432863,555.2836336433986,,,723.01931914571,543.6142194332162,787.7845680122223,506.27209396063256,770.2804466969487,478.848970566704,910.8968879296465,507.4390353816508,,,,,,,,,,,,,,,,
labeled-data,8WK_F_WT_38,8WK_F_WT_38_round3_candidate280_06_frame_023866.png,,,,,,,,,479.20684368790654,623.2164046972623,642.4853630485132,602.357034382471,338.9205199939257,458.36733898015723,398.99724510451625,417.19963003091743,387.4698643270527,402.1253628603881,,,,,,,,,,,,,,,,,,
labeled-data,8WK_F_WT_38,8WK_F_WT_38_round3_candidate_04_frame_017364.png,,,,,434.23415641095846,263.5570360630903,365.1824477826843,367.8538876370462,258.7277303140949,469.99287331636856,,,,,518.3909263016676,127.6114847011755,586.0040576668528,149.1901436475111,543.566028405726,249.8905520637443,511.1980399862224,348.43309458534395,,,,,,,,,,,,,,
labeled-data,8WK_F_WT_38,8WK_F_WT_38_round3_candidate_05_frame_030076.png,532.1480608107319,523.0510219552756,558.3831568171323,412.6449929283407,475.30535279686444,408.27247692727394,563.8488018184656,348.15038191260646,,,,,,,,,,,,,,,,,,,,,,,,,,,,
labeled-data,8WK_F_WT_38,8WK_F_WT_38_selected_02_frame_007760.png,414.432589413599,445.5477282312835,452.5616181390555,377.2701651647683,476.5031012922491,358.64901160117324,542.120499563965,474.8095409740756,620.1520002114108,552.8410416215215,,,,,,,,,,,,,,,,,,,,,,,,,,
labeled-data,8WK_F_WT_38,8WK_F_WT_38_selected_03_frame_008150.png,428.9542564497396,530.183079273562,402.1286681540265,437.57092920502896,340.17433328059406,469.50615336659206,337.4157624245301,529.9022601381055,313.34874498488097,557.0086675692751,225.20752629896663,618.3242979594763,,,,,,,,,,,,,,,,,,,,,,,,
labeled-data,8WK_F_WT_38,8WK_F_WT_38_selected_04_frame_011390.png,627.3342047973624,190.99382346653985,557.5632075375437,165.8187213624816,538.1424144858415,215.44963693905362,572.6682687999787,267.9577070418038,,,,,,,,,,,,,,,,,,,,,,,,,,,,
labeled-data,8WK_F_WT_38,8WK_F_WT_38_selected_05_frame_013400.png,,,,,,,,,239.96499661945,505.90561907910484,422.03067311967317,547.2841819200647,,,,,,,,,,,,,,,,,,,,,,,,
labeled-data,8WK_F_WT_38,8WK_F_WT_38_selected_06_frame_015260.png,,,545.7009009809224,431.7705262307734,493.12263317120875,431.019408119206,,,475.84691660515995,515.8957547263153,336.8900659652023,542.1848886311722,,,,,,,,,,,,,,,,,,,,,,,,
labeled-data,8WK_F_WT_38,8WK_F_WT_38_selected_12_frame_031260.png,,,,,,,,,290.2265631017058,475.6525448823222,120.48356026016482,492.9051285686752,,,,,,,,,,,,,,,,,,,,,,,,
labeled-data,8WK_F_WT_38,8WK_F_WT_38_selected_13_frame_032320.png,211.7947321511101,509.74453581016166,252.0331145946797,454.17724576904175,216.9043680169602,447.1514964534978,296.7424284208681,472.0609712995171,352.94842294521925,496.9704461455364,,,,,,,,,,,,,,,,,,,,,,,,,,
labeled-data,8WK_F_WT_38,8WK_F_WT_38_selected_15_frame_037390.png,,,258.1429727211557,467.27261240340033,204.75941093447815,495.114153588786,,,,,,,,,,,,,,,,,,,,,,,,,,,,,,
labeled-data,8WK_F_WT_38,8WK_F_WT_38_selected_16_frame_039390.png,626.9416788908495,190.22766807687668,,,533.719971834452,199.6849427057866,557.3631584067267,298.98632630934037,612.7557669474846,365.86276832806027,,,,,,,,,,,,,,,,,,,,,,,,,,
labeled-data,8WK_F_WT_38,8WK_F_WT_38_selected_18_frame_041970.png,296.6953617681677,443.6859554286001,324.39166603854665,367.3522387809703,,,406.1295396169821,401.8037392148563,396.6722649880722,469.35570084992696,169.02215427788417,633.5069676231485,590.4991602517891,284.6694510101781,564.8294148304624,196.8519008845863,520.9206397676664,239.4096367146808,,,,,,,,,,,,,,,,,,
labeled-data,8WK_F_WT_39,8WK_F_WT_39_round3_candidate280_04_frame_022825.png,175.31687388300884,626.0557583327143,185.2572835915363,520.43890517961,123.7509985200226,520.43890517961,76.73062595393083,551.1174747941309,,,,,50.4404769196325,498.07298333542315,119.40206927254182,409.85184717224183,89.5808401469594,403.01781549762916,191.614663297393,493.67545612239974,,,,,,,,,,,,,,,,
labeled-data,8WK_F_WT_39,8WK_F_WT_39_round3_candidate280_05_frame_030635.png,576.8134098741941,613.4654504861965,604.027507465053,530.3112634030164,534.9843339475035,512.1685316757771,652.3949962943166,530.1029564517219,,,,,,,,,613.8759086737728,436.91161543427677,550.50579678191,481.02218351586737,,,,,1191.8647165490686,236.4861450233262,,,1117.573039066963,290.8645893658983,1137.4862722064968,404.21683954478107,1065.4922754712602,490.7628143435226,847.2126045186822,495.3581758372611
labeled-data,8WK_F_WT_39,8WK_F_WT_39_round3_candidate280_06_frame_032333.png,628.1670516704227,160.66268037664116,517.8783758206989,151.47195738916417,538.5575025425221,236.48614502332623,479.5836967062115,218.10469904837225,,,,,,,525.5373116435965,449.4045608998762,474.2224416301833,449.4045608998762,547.7482255299991,470.08368762169937,,,,,694.7997933296308,617.9011490036207,690.970325418182,510.67604748305604,636.5918810756099,521.3985576351125,568.4273522518223,545.9071522683845,,,,
labeled-data,8WK_F_WT_39,8WK_F_WT_39_round3_candidate280_07_frame_041820.png,490.90991334544447,417.2641725261295,,,426.29725024001584,417.88544813291253,392.7483674737357,460.13218939415424,342.4250433243153,484.36193805869,246.74859987973844,496.16617458756633,405.17387960939504,476.28535517051137,453.6333769384664,476.28535517051137,462.952511040211,430.3109602685718,525.0800717185076,473.80025274337953,603.3607981731615,496.16617458756633,,,651.3656483338718,536.1106619919831,722.8123431139131,475.22565252725235,,,,,,,,
labeled-data,8WK_F_WT_39,8WK_F_WT_39_round3_candidate280_10_frame_043171.png,254.34676739464112,464.4031512456999,312.8066807379677,412.99874468518874,321.3740818313863,382.7608584731233,458.91338278290476,436.20104217158246,589.115291772162,487.51591218499516,,,654.2162568577796,560.2758025025229,558.479559071561,519.6834426411663,592.1788766923099,567.9347383254204,,,,,140.72700310525974,565.7402152728088,1147.0811181199315,459.43931413485274,1104.1910775117055,394.3383596402241,1071.2576534732464,416.54927352662685,1026.0699321181512,496.20220608476063,973.2232749401586,552.1124375919122,,
labeled-data,8WK_F_WT_39,8WK_F_WT_39_round3_candidate_03_frame_035332.png,751.6572528003265,647.6539545048172,745.9922020028164,544.738865016716,696.8950950910616,557.957316877573,605.3101071979808,564.5665428080016,526.9435711657568,607.0544237893278,,,,,,,544.4553937115438,228.31138168034872,566.2000399489476,355.051605464074,625.8424982001125,457.56208058326354,,,1067.947513570533,598.3126210309065,1085.343230560456,521.8957213966016,1032.5348039839039,511.3340360812912,1142.500586384489,521.2744457898186,,,1010.2466461870099,619.783449296304
labeled-data,8WK_F_WT_39,8WK_F_WT_39_selected_01_frame_004160.png,304.73120750625554,384.51615358282874,382.2656385489803,322.11039201185514,302.84012382228667,310.7638899080418,378.4834711810425,410.0457833164088,,,,,,,,,538.2800424764142,206.7542872897525,569.482923261901,321.1648501698707,632.8342266748591,417.6101180522844,,,,,1035.5907854895581,352.64779926908415,980.4249267677158,446.00540633681766,,,,,,
labeled-data,8WK_F_WT_39,8WK_F_WT_39_selected_02_frame_005400.png,,,,,,,541.0712103754563,473.88737163404306,,,,,,,,,543.5906329204913,214.3868494954362,569.6246658858531,326.0812489919887,596.4985063662267,426.85815079338937,544.0230281781905,570.1929000385468,,,1033.7375680441178,351.5853016514394,979.0031612202912,449.99077774959596,,,,,,
labeled-data,8WK_F_WT_39,8WK_F_WT_39_selected_03_frame_009330.png,,,,,,,,,244.05216398056325,573.5595911630674,114.77711920763657,660.0283297197931,,,,,,,506.02675802371266,564.9983299198271,594.2077488290864,642.0496811089888,882.7222592580043,602.667879390084,,,,,544.5524401500173,255.08067291453278,565.0994671337937,358.67193395773893,630.1650525824191,459.69481662797295,626.740548085123,585.5453569036036
labeled-data,8WK_F_WT_39,8WK_F_WT_39_selected_06_frame_015870.png,722.5802212249794,556.7803334853891,,,716.5326439825662,506.38385646527985,574.4145787858585,552.2446505535792,,,,,,,,,986.0216685963442,417.4194110927018,933.6946456779326,470.15523887766335,,,,,,,,,,,,,,,,
labeled-data,8WK_F_WT_39,8WK_F_WT_39_selected_08_frame_021380.png,313.6059274924087,496.7150464940632,336.77706632326806,391.6725504608341,298.9308728995311,377.7698671623185,429.4616216467055,417.93317446914136,491.25132519566375,467.364937308308,,,,,594.7490786401688,446.5109123605346,537.5936028573825,468.909679897032,,,,,,,509.78823626035125,621.0668248863418,572.3503111036715,546.1468093332298,512.8777214377992,529.1546408572664,634.1400146526298,521.4309279136465,,,,
labeled-data,8WK_F_WT_39,8WK_F_WT_39_selected_09_frame_022210.png,193.54328417428425,548.4761043055187,152.73799426961045,455.32809629895246,100.37120555861247,493.41303354331467,90.16988308244402,543.059469594001,43.2437996920692,580.4643186732853,181.98178536796,560.0616737209484,245.22998472020433,490.69268088300305,249.9906018757496,430.1648341910703,189.46275518381682,441.04624483231663,,,,,,,,,,,,,,,,,649.2023703424572,636.9116363747506
labeled-data,8WK_F_WT_39,8WK_F_WT_39_selected_10_frame_023960.png,604.3339846294126,397.849826755243,,,542.6748514114516,389.26437782615983,505.99156962355084,456.3869785444463,,,,,,,,,,,,,,,696.4324367777592,585.9492078378831,,,,,,,,,,,,
labeled-data,8WK_F_WT_39,8WK_F_WT_39_selected_12_frame_031730.png,,,100.71302626716,552.717462934563,109.41682974451393,511.519459808421,183.10903251944396,523.1245311115596,,,,,709.2122557916239,583.8664470004669,672.9173735207808,482.38891901872154,663.2881190407611,508.3138349264667,583.2912356682905,549.793700378859,,,,,,,,,,,565.3563261521629,248.55292487264478,623.3546272094609,332.0353279096646,739.3512293240568,494.6063232975453
labeled-data,8WK_F_WT_39,8WK_F_WT_39_selected_13_frame_033620.png,,,643.529067555236,447.03857824853577,610.2605274748574,457.9148317363518,,,,,,,,,678.7169464864055,540.4464023203677,608.9809682409967,569.2364850822337,566.1157339066629,541.7259615542284,,,,,,,545.6427861648915,194.32562956104522,532.207414209354,244.22843968161297,552.2234675089817,282.1279985927939,,,,
labeled-data,8WK_F_WT_39,8WK_F_WT_39_selected_14_frame_035240.png,,,,,540.2488978602292,247.74658966731815,565.7898659517532,353.2060708194168,625.1108240998087,452.8982365960102,,,742.1049360029182,633.3328176296792,736.3376206274128,528.6972386740812,685.255684444365,539.4079672285911,598.745953811784,560.0055221411105,526.2425605197161,611.9113605206591,,,,,1084.8141249509126,524.641712566749,1038.04345476852,533.0185490173268,1137.867422471239,519.0571549330305,1176.036158048618,586.007031283704,1003.8380392619938,623.0695408610384
labeled-data,8WK_F_WT_39,8WK_F_WT_39_selected_15_frame_037020.png,,,,,533.6035803785921,236.37120811854462,571.5156774589436,338.66233797685146,625.164871440573,418.7784676560848,682.7457990687922,567.7463278773896,,,,,,,,,574.3500408091938,458.3088049081488,,,,,1060.469786781394,535.0076813273906,1023.8892733482176,517.027428961931,1128.050735327432,509.58732453484424,1198.731727384756,544.9278205635063,1033.8094125843331,626.7689692614605
labeled-data,8WK_F_WT_39,8WK_F_WT_39_selected_16_frame_037670.png,125.86874099160406,607.5278126645909,124.26358143207246,520.046616670119,147.53839504528057,495.16664349737925,219.77057522420233,536.9007920452007,,,556.0515029460714,569.0039832358326,,,,,527.9612106542685,273.6546242820192,583.3392154581086,375.5822563122755,609.8243481903799,483.12794680089235,556.0515029460714,554.5575472000482,,,1060.7915609354561,535.1635141399461,1026.5137762716236,515.1681397527104,1131.2514516333345,506.5986935867523,1195.9983782205736,541.8286389356914,1036.9875438077945,623.7144578548472
labeled-data,8WK_F_WT_39,8WK_F_WT_39_selected_17_frame_038460.png,,,,,,,,,,,125.59927561660731,504.20557570696116,310.34440169244,446.421857859454,376.2666713494552,349.57309132630826,321.7383742257512,343.8761050596527,440.5612306445687,407.3568091738154,499.97265885397746,465.95438220227334,,,,,1045.0630538180137,544.2542964281574,1029.0448086567467,505.6220580980426,1121.3852807628748,515.0445552517291,1195.8230082769985,538.6007981359455,1041.2940549565392,621.5187730883871
labeled-data,8WK_F_WT_39,8WK_F_WT_39_selected_18_frame_040010.png,741.6127904085181,565.2838415642638,672.418683468906,474.14831568388706,728.6551773897144,488.2074391640891,633.0531377243401,550.7705386509884,571.3382808160467,637.2862683353335,,,1078.206350159417,583.7064716376708,1112.1813261734428,509.14917660912243,1048.2550452068995,508.2734741301287,1151.5901012758836,519.6624706632999,1170.936726570225,579.036596566623,1041.5144746011836,620.3983471959042,,,,,,,,,,,,
labeled-data,8WK_F_WT_42,8WK_F_WT_42_round3_candidate280_10_frame_043921.png,82.33130753680963,612.6369744918952,152.70706539914875,555.6965885850937,96.40645910927746,521.7882688877846,,,,,,,,,,,,,,,,,,,,,,,,,,,,,,
labeled-data,8WK_F_WT_42,8WK_F_WT_42_round3_candidate_05_frame_038252.png,,,,,164.2120755601791,500.5866081655896,,,114.90946642823275,609.0523482558715,315.7527267867931,610.0902979218072,,,159.0223272305005,467.3722188556468,210.40083569431826,462.1824705259682,,,,,,,,,,,,,,,,,,
labeled-data,8WK_F_WT_42,8WK_F_WT_42_selected_00_frame_000200.png,,,111.1134636826646,518.742419796708,79.53677522075789,513.0748090471351,184.7924034271136,523.0429055869279,,,,,383.1587796621687,589.1827248271148,,,353.20140855728283,500.9299288694782,264.1389539211357,541.4128627949998,181.5537687130719,600.5179463262612,,,,,,,,,,,,,,
labeled-data,8WK_F_WT_42,8WK_F_WT_42_selected_01_frame_001540.png,89.61694864013378,634.9779845936528,110.25390723554173,552.4301502120209,62.86533564608645,543.2581686140619,162.9928014238065,556.2518092111704,228.72533620917997,563.1307954096396,441.2095765618988,587.5894130041968,,,,,,,,,,,,,,,,,,,,,,,,
labeled-data,8WK_F_WT_42,8WK_F_WT_42_selected_02_frame_003410.png,,,,,,,,,455.7411832444445,500.3650025656602,648.2315916172951,547.0114512204307,,,1041.2453288094996,464.7240118077283,,,,,1097.1097294962547,530.7455762557113,899.6093230279291,599.0242882061896,,,,,,,,,,,,
labeled-data,8WK_F_WT_42,8WK_F_WT_42_selected_03_frame_006170.png,140.20908072997247,571.7248743236412,176.4802791533851,508.6229263815397,,,,,,,,,,,,,,,,,,,,,,,,,,,,,,,,
labeled-data,8WK_F_WT_42,8WK_F_WT_42_selected_06_frame_016330.png,460.0262313521241,505.414016450709,473.4616038200039,457.9103780821341,,,549.2754913173255,468.9465768950353,614.0531800017458,470.86591581901814,787.7533526221914,510.69219849166177,900.2601266712999,491.4306570345084,945.4999182333522,434.309708092523,,,1024.55531156906,469.496212640786,,,,,,,,,,,,,,,,
labeled-data,8WK_F_WT_42,8WK_F_WT_42_selected_07_frame_018310.png,,,,,553.6385610595651,160.3552086435551,556.4162305597922,254.79597165128163,603.6366120636555,342.57032785846275,790.8981283980936,497.9362427449317,,,,,,,,,,,,,,,,,,,,,,,,
labeled-data,8WK_F_WT_42,8WK_F_WT_42_selected_09_frame_020260.png,,,338.48307236764936,460.9799544115829,398.31982905928714,482.58767210578543,,,313.55109041280025,616.3893085968089,542.9253243974117,564.1870365071144,,,,,,,,,,,,,,,,,,,,,,,,
labeled-data,8WK_F_WT_42,8WK_F_WT_42_selected_13_frame_029310.png,,,,,,,,,149.67059128978144,559.3594920463622,294.6086512701844,606.6387522538733,,,,,,,,,,,,,,,,,,,,,,,,
labeled-data,8WK_F_WT_42,8WK_F_WT_42_selected_15_frame_031850.png,,,87.16529239239075,526.9141570677198,121.06920963663276,495.7592060865244,177.88117907293017,557.1527859612329,258.5175227889652,620.3790100113058,63.01894216785131,565.4516685349125,,,,,,,,,,,423.5810918887979,514.6586036281683,,,,,,,,,,,,
labeled-data,8WK_F_WT_42,8WK_F_WT_42_selected_16_frame_033730.png,199.1787124272814,626.213970174726,205.2297201025704,521.8340877759905,141.6941395120358,522.5904637354018,106.14446941971288,567.2166453406584,,,,,,,187.03196499870262,505.2870089503464,,,,,,,,,,,,,,,,,,,,
labeled-data,8WK_F_WT_43,8WK_F_WT_43_selected_00_frame_000310.png,,,,,,,854.964497798253,561.3045557723674,889.7559317780992,465.62811232779046,812.7177565370114,472.4621440024031,,,1030.096731032866,433.29217006172405,952.486156421898,466.049880124795,,,,,,,1117.282636277655,589.5212488240624,,,1130.3857203028833,520.4780753065129,1030.096731032866,516.4463571449041,928.2958474522457,528.5415116297303,721.6702916697982,599.6005442280842
labeled-data,8WK_F_WT_43,8WK_F_WT_43_selected_03_frame_002150.png,,,,,1157.1897915502007,506.98449212560735,1068.1273369140536,540.9901566230453,966.1103434217396,575.8054797989938,697.3036621562771,594.4276294047336,,,,,,,,,,,,,,,,,,,,,,,,
labeled-data,8WK_F_WT_43,8WK_F_WT_43_selected_04_frame_003460.png,106.20315449191673,592.774309073312,138.96746327140525,516.0760407940547,90.56564348352447,510.11889374323863,181.41213600846996,532.458195183799,,,,,,,1049.6663357084506,535.4367687092071,993.8180821070496,523.2700331065877,1105.5145893098515,533.2028385651511,1147.9592620469161,584.5832318784398,1151.6824789536763,504.1617466924226,,,,,,,,,,,,
labeled-data,8WK_F_WT_43,8WK_F_WT_43_selected_05_frame_003810.png,411.4288510130184,611.4629602038924,450.76735811944184,509.83848351229864,365.5339260555245,512.2971402064501,,,,,,,1008.6628243188628,598.1457596065861,1055.3380772715157,501.4006898501784,984.0522363983731,512.4330223662599,1102.861971186944,527.7085596962191,1138.5048916235153,582.870222276627,1177.9934380548666,518.6150574319126,,,,,,,,,,,,
labeled-data,8WK_F_WT_43,8WK_F_WT_43_selected_06_frame_004330.png,850.5558805241885,572.9531554837939,816.7620647194791,467.7095576919845,800.3479256143346,489.9169223636507,711.5184669276698,529.5039637348818,616.8957826744834,587.4362194000979,406.40858709086467,589.3672945889385,979.9379181765046,565.2288547284318,1012.7661963867938,469.6406328808251,950.0062527494763,469.6406328808251,1061.0430761078073,544.9525652456061,1114.147643800922,591.298369777779,1137.3205460670085,467.7095576919845,,,,,,,,,,,,
labeled-data,8WK_F_WT_43,8WK_F_WT_43_selected_07_frame_005000.png,635.6367792822357,296.6941430989334,565.2857148352884,233.44272735764144,538.8233878414826,308.3117500718238,,,,,,,,,1103.5681909426103,523.2374796858186,1051.9343821742086,496.77515269201274,1152.6203092725918,525.8191701242387,1181.6643267048178,585.8434728175055,1049.9981143453936,609.0786867632862,,,,,,,,,,,,
labeled-data,8WK_F_WT_43,8WK_F_WT_43_selected_08_frame_005400.png,599.2892831844982,405.8484349136454,,,545.2173157197726,397.7006041997827,523.7366711104982,471.0310806245475,,,,,947.4774960754733,579.5961738624112,997.1628409315351,486.91389595783403,,,1063.091471605925,531.8218038085055,1122.331690472768,579.5961738624112,,,,,,,,,,,,,,
labeled-data,8WK_F_WT_43,8WK_F_WT_43_selected_09_frame_006530.png,365.0416980248634,516.2260227242974,430.2747095753575,492.8857708851299,,,527.2265249072846,526.9984466500671,613.4059163134418,538.967806567589,829.4528628247112,498.2719828480148,,,536.802012841302,383.366127639805,583.4825165196372,389.94927559444193,539.1958848248064,455.182287144936,,,,,,,,,,,,,,,,
labeled-data,8WK_F_WT_43,8WK_F_WT_43_selected_10_frame_006770.png,,,220.80731635561355,445.35256623415233,,,,,,,,,597.2689996958286,388.404547201429,,,557.4557828499425,398.9878073756519,541.8328749737086,480.1261353780276,520.6663546252628,542.617766882963,,,,,,,,,,,,,,
labeled-data,8WK_F_WT_43,8WK_F_WT_43_selected_11_frame_006920.png,206.5383985451205,525.609571080046,175.7965475628539,469.16551681752367,125.40007054274479,496.88357917858366,,,,,,,634.0265610075489,357.63625837004207,,,566.9992465708037,356.1243640594388,558.4318454773852,450.36577608704283,527.1860297249176,517.8970552939891,,,,,,,,,,,,,,
labeled-data,8WK_F_WT_43,8WK_F_WT_43_selected_13_frame_008520.png,136.43593627680883,552.6883521037516,181.5372255222356,490.80518779025874,134.86263548917768,472.4500119345622,214.57654206249006,515.9780003923571,,,,,,,,,,,,,,,,,,,,,,,,,,,,
labeled-data,8WK_F_WT_44,8WK_F_WT_44_selected_05_frame_013520.png,594.7208670189044,581.4924521671566,542.451690240014,501.01451331711894,521.709953422994,529.2232753882661,,,,,155.8257159707611,499.35517437175736,,,,,,,,,,,,,,,,,,,,,,,,
labeled-data,8WK_F_WT_44,8WK_F_WT_44_selected_06_frame_013540.png,,,,,822.0503025334438,501.01451331711894,703.4075679400893,523.4155890795005,560.7044186389917,530.8826143336278,408.38504569637337,486.21847139631296,,,,,,,,,,,,,,,,,,,,,,,,
labeled-data,8WK_F_WT_44,8WK_F_WT_44_selected_19_frame_044940.png,585.3121041402717,520.3426871761676,535.9778239706579,459.0814381743397,,,626.1487752170611,469.7683496440761,678.5593150103106,537.1488705306514,,,,,,,,,,,,,,,,,,,,,,,,,,
labeled-data,8WK_F_WT_45,8WK_F_WT_45_selected_03_frame_000670.png,632.8848578694815,425.75571548113777,,,551.0570367886862,470.90209952571445,,,536.948791774756,562.6056921162608,509.43771399759214,519.5755448237736,,,,,,,,,,,,,,,,,,,,,,,,
labeled-data,8WK_F_WT_45,8WK_F_WT_45_selected_04_frame_000950.png,633.28691822735,368.80304041921966,545.1719243098953,383.2594066088021,572.7078599090999,383.9478049987822,585.099030928742,485.142368325859,578.9034454189209,573.2573622433137,500.4260289611879,524.3810765547255,,,,,,,,,,,,,,,,,,,,,,,,
labeled-data,8WK_F_WT_45,8WK_F_WT_45_selected_06_frame_001730.png,,,,,,,559.4452469147582,302.5409429833191,621.4826270802278,413.59551241533256,926.1821842411363,427.03199551434807,,,,,,,,,,,,,,,,,,,,,,,,
labeled-data,8WK_F_WT_45,8WK_F_WT_45_selected_09_frame_002520.png,,,97.62007084558785,553.1331484225609,70.90827683629212,525.8277589908364,162.3219718903264,540.0740491291274,,,,,,,,,,,,,,,,,,,,,,,,,,,,
labeled-data,8WK_F_WT_45,8WK_F_WT_45_selected_10_frame_002890.png,222.18035476065558,641.2835188895035,239.48937737216636,540.6676445515564,165.8835449909959,549.5715758879883,,,,,,,,,,,,,,,,,,,,,,,,,,,,,,
labeled-data,8WK_F_WT_45,8WK_F_WT_45_selected_13_frame_004430.png,601.3686531456132,394.83834569545786,,,542.613508558369,406.2629571429776,509.97176156545544,461.7539270309305,,,,,,,,,,,,,,,,,,,,,,,,,,,,
labeled-data,8WK_F_WT_45,8WK_F_WT_45_selected_15_frame_006710.png,,,645.8373733982096,482.6767210263222,604.1307833301413,498.53697358741863,540.6897730857557,515.5720596715593,463.738177326362,567.8521514470251,,,,,,,,,,,,,,,,,,,,,,,,,,
